<?xml version="1.0" encoding="UTF-8"?><skcm:tcga_bcr xmlns:skcm="http://tcga.nci/bcr/xml/clinical/skcm/2.6" xmlns:admin="http://tcga.nci/bcr/xml/administration/2.6" xmlns:cqcf="http://tcga.nci/bcr/xml/clinical/cqcf/2.6" xmlns:follow_up_v2.0="http://tcga.nci/bcr/xml/clinical/skcm/followup/2.6/2.0" xmlns:nte="http://tcga.nci/bcr/xml/clinical/shared/new_tumor_event/2.6" xmlns:rad="http://tcga.nci/bcr/xml/clinical/radiation/2.6" xmlns:rx="http://tcga.nci/bcr/xml/clinical/pharmaceutical/2.6" xmlns:shared="http://tcga.nci/bcr/xml/clinical/shared/2.6" xmlns:shared_stage="http://tcga.nci/bcr/xml/clinical/shared/stage/2.6" xmlns:skcm_nte="http://tcga.nci/bcr/xml/clinical/skcm/shared/new_tumor_event/2.6/1.0" xmlns:skcm_shared="http://tcga.nci/bcr/xml/clinical/skcm/shared/2.6" xmlns:xsi="http://www.w3.org/2001/XMLSchema-instance" schemaVersion="2.6" xsi:schemaLocation="http://tcga.nci/bcr/xml/clinical/skcm/2.6 http://tcga-data.nci.nih.gov/docs/xsd/BCR/tcga.nci/bcr/xml/clinical/skcm/2.6/TCGA_BCR.SKCM_Clinical.xsd">
    <admin:admin>
        <admin:bcr xsd_ver="1.17">Nationwide Children's Hospital</admin:bcr>
        <admin:batch_number xsd_ver="1.17">180.33.0</admin:batch_number>
        <admin:disease_code xsd_ver="2.6">SKCM</admin:disease_code>
        <admin:day_of_dcc_upload xsd_ver="1.17">2</admin:day_of_dcc_upload>
        <admin:month_of_dcc_upload xsd_ver="1.17">1</admin:month_of_dcc_upload>
        <admin:year_of_dcc_upload xsd_ver="1.17">2014</admin:year_of_dcc_upload>
        <admin:patient_withdrawal>
            <admin:withdrawn>false</admin:withdrawn>
        </admin:patient_withdrawal>
    </admin:admin>
    <skcm:patient>
        <shared:tissue_source_site cde="" owner="TSS" procurement_status="Completed" restricted="false" xsd_ver="2.4">D9</shared:tissue_source_site>
        <shared:patient_id cde="" owner="TSS" procurement_status="Completed" restricted="false" xsd_ver="2.4">A148</shared:patient_id>
        <shared:bcr_patient_barcode cde="2673794" display_order="9999" owner="TSS" preferred_name="" procurement_status="Completed" restricted="false" xsd_ver="1.8">TCGA-D9-A148</shared:bcr_patient_barcode>
        <shared:bcr_patient_uuid cde="" display_order="9999" owner="TSS" preferred_name="" procurement_status="Completed" restricted="false" xsd_ver="2.3">FED23055-1600-4128-8D73-E1AA902A9D1D</shared:bcr_patient_uuid>
        <shared:informed_consent_verified cde="2714689" display_order="9999" owner="TSS" preferred_name="" procurement_status="Completed" restricted="false" tier="2" xsd_ver="2.4">YES</shared:informed_consent_verified>
        <shared:icd_o_3_site cde="3226281" display_order="9999" owner="TSS" preferred_name="" procurement_status="Completed" restricted="false" tier="2" xsd_ver="2.4">C50.9</shared:icd_o_3_site>
        <shared:icd_o_3_histology cde="3226275" display_order="9999" owner="TSS" preferred_name="" procurement_status="Completed" restricted="false" tier="2" xsd_ver="2.4">8720/3</shared:icd_o_3_histology>
        <shared:icd_10 cde="3226287" display_order="9999" owner="TSS" preferred_name="" procurement_status="Completed" restricted="false" tier="2" xsd_ver="2.4">C50.9</shared:icd_10>
        <shared:tissue_prospective_collection_indicator cde="3088492" display_order="4" owner="TSS" preferred_name="prospective_collection" procurement_status="Completed" restricted="false" source_system_identifier="2060145" tier="2" xsd_ver="2.3">YES</shared:tissue_prospective_collection_indicator>
        <shared:tissue_retrospective_collection_indicator cde="3088528" display_order="5" owner="TSS" preferred_name="retrospective_collection" procurement_status="Completed" restricted="false" source_system_identifier="2060146" tier="2" xsd_ver="2.3">NO</shared:tissue_retrospective_collection_indicator>
        <shared:days_to_birth cde="" owner="TSS" precision="day" procurement_status="Completed" tier="1" xsd_ver="1.16">-14804</shared:days_to_birth>
        <shared:gender cde="2200604" display_order="10" owner="TSS" preferred_name="gender" procurement_status="Completed" restricted="false" source_system_identifier="2060151" tier="1" xsd_ver="1.8">MALE</shared:gender>
        <shared:height cde="649" display_order="11" owner="TSS" preferred_name="height_cm_at_diagnosis" procurement_status="Completed" restricted="false" source_system_identifier="2060152" tier="2" xsd_ver="2.2">179</shared:height>
        <shared:weight cde="651" display_order="12" owner="TSS" preferred_name="weight_kg_at_diagnosis" procurement_status="Completed" restricted="false" source_system_identifier="2060153" tier="2" xsd_ver="2.2">84</shared:weight>
        <shared:race cde="2192199" display_order="13" owner="TSS" preferred_name="race" procurement_status="Completed" restricted="false" source_system_identifier="2060154" tier="2" xsd_ver="1.8">WHITE</shared:race>
        <shared:ethnicity cde="2192217" display_order="14" owner="TSS" preferred_name="ethnicity" procurement_status="Completed" restricted="false" source_system_identifier="2060155" tier="2" xsd_ver="1.9">NOT HISPANIC OR LATINO</shared:ethnicity>
        <shared:prior_dx cde="3382736" display_order="15" owner="TSS" preferred_name="history_other_malignancy" procurement_status="Completed" restricted="false" source_system_identifier="2060156" tier="1" xsd_ver="2.5">No</shared:prior_dx>
        <shared:history_of_neoadjuvant_treatment cde="3382737" display_order="16" owner="TSS" preferred_name="history_neoadjuvant_treatment" procurement_status="Completed" restricted="false" source_system_identifier="2060157" tier="1" xsd_ver="2.4">No</shared:history_of_neoadjuvant_treatment>
        <shared:person_neoplasm_cancer_status cde="2759550" display_order="17" owner="TSS" preferred_name="tumor_status" procurement_status="Completed" restricted="false" source_system_identifier="2060158" tier="2" xsd_ver="1.9">WITH TUMOR</shared:person_neoplasm_cancer_status>
        <shared:vital_status cde="5" display_order="18" owner="TSS" preferred_name="vital_status" procurement_status="Completed" restricted="false" source_system_identifier="2060159" tier="2" xsd_ver="2.6">Alive</shared:vital_status>
        <shared:days_to_last_followup cde="" owner="TSS" precision="day" procurement_status="Completed" tier="1" xsd_ver="1.16">4511</shared:days_to_last_followup>
        <shared:days_to_death cde="" owner="TSS" procurement_status="Not Applicable" tier="1" xsd_ver="1.16"/>
        <skcm:primary_neoplasm_melanoma_dx cde="3108462" display_order="27" owner="TSS" preferred_name="primary_melanoma_known_dx" procurement_status="Completed" restricted="false" source_system_identifier="2060271" tier="1" xsd_ver="2.4">YES</skcm:primary_neoplasm_melanoma_dx>
        <skcm:sites_of_primary_melanomas>
            <skcm:primary_tumor_multiple_present_ind cde="64186" display_order="28" owner="TSS" preferred_name="primary_multiple_at_dx" procurement_status="Completed" restricted="false" source_system_identifier="2060272" tier="2" xsd_ver="2.4">NO</skcm:primary_tumor_multiple_present_ind>
            <skcm:primary_melanoma_at_diagnosis_count cde="3427429" display_order="29" owner="TSS" preferred_name="primary_at_dx_count" procurement_status="Not Available" restricted="false" source_system_identifier="2060273" tier="2" xsd_ver="2.5"/>
            <skcm:site>
                <shared:tumor_tissue_site cde="3427536" display_order="52" owner="TSS" preferred_name="submitted_tumor_site" procurement_status="Completed" restricted="false" source_system_identifier="2060274" tier="1" xsd_ver="2.6">Trunk</shared:tumor_tissue_site>
                <skcm_shared:primary_anatomic_site_count cde="3427609" display_order="78" owner="TSS" preferred_name="new_tumor_event_melanoma_count" procurement_status="Not Available" restricted="false" source_system_identifier="2060275" tier="2" xsd_ver="2.5"/>
                <shared:tumor_tissue_site_other cde="2584114" display_order="6" owner="TSS" preferred_name="site_of_primary_tumor_other" procurement_status="Not Applicable" restricted="false" tier="1" xsd_ver="2.6" xsi:nil="true"/>
            </skcm:site>
        </skcm:sites_of_primary_melanomas>
        <skcm:breslow_depth_value cde="2593055" display_order="33" owner="TSS" preferred_name="breslow_thickness_at_diagnosis" procurement_status="Not Available" restricted="false" source_system_identifier="2060277" tier="2" xsd_ver="2.5"/>
        <skcm:melanoma_clark_level_value cde="2593051" display_order="34" owner="TSS" preferred_name="clark_level_at_diagnosis" procurement_status="Not Available" restricted="false" source_system_identifier="2060278" tier="2" xsd_ver="2.5"/>
        <skcm:melanoma_ulceration_indicator cde="3108478" display_order="35" owner="TSS" preferred_name="primary_melanoma_tumor_ulceration" procurement_status="Completed" restricted="false" source_system_identifier="2060279" tier="2" xsd_ver="2.4">NO</skcm:melanoma_ulceration_indicator>
        <skcm:malignant_neoplasm_mitotic_count_rate cde="3119292" display_order="36" owner="TSS" preferred_name="primary_melanoma_mitotic_rate" procurement_status="Not Available" restricted="false" source_system_identifier="2060280" tier="2" xsd_ver="2.5"/>
        <shared:days_to_initial_pathologic_diagnosis cde="" owner="TSS" precision="day" procurement_status="Completed" tier="1" xsd_ver="1.16">0</shared:days_to_initial_pathologic_diagnosis>
        <shared:age_at_initial_pathologic_diagnosis cde="" owner="TSS" procurement_status="Completed" tier="1" xsd_ver="1.16">40</shared:age_at_initial_pathologic_diagnosis>
        <shared:year_of_initial_pathologic_diagnosis cde="2896960" display_order="40" owner="TSS" preferred_name="initial_pathologic_dx_year" procurement_status="Completed" restricted="true" source_system_identifier="2060284" tier="1" xsd_ver="1.12">1999</shared:year_of_initial_pathologic_diagnosis>
        <shared_stage:stage_event system="AJCC">
            <shared_stage:system_version cde="2722309" display_order="42" owner="TSS" preferred_name="ajcc_staging_edition" procurement_status="Completed" restricted="false" source_system_identifier="2060286" tier="1" xsd_ver="2.6">7th</shared_stage:system_version>
            <shared_stage:clinical_stage cde="3440332" display_order="9999" owner="TSS" preferred_name="" procurement_status="Not Applicable" restricted="false" tier="2" xsd_ver="2.6"/>
            <shared_stage:pathologic_stage cde="3203222" display_order="47" owner="TSS" preferred_name="ajcc_pathologic_tumor_stage" procurement_status="Not Available" restricted="false" source_system_identifier="2060291" tier="1" xsd_ver="2.6"/>
            <shared_stage:tnm_categories>
                <shared_stage:clinical_categories>
                    <shared_stage:clinical_T cde="3440328" display_order="9999" owner="TSS" preferred_name="" procurement_status="Not Applicable" restricted="false" tier="2" xsd_ver="2.6"/>
                    <shared_stage:clinical_N cde="3440330" display_order="9999" owner="TSS" preferred_name="" procurement_status="Not Applicable" restricted="false" tier="2" xsd_ver="2.6"/>
                    <shared_stage:clinical_M cde="3440331" display_order="9999" owner="TSS" preferred_name="" procurement_status="Not Applicable" restricted="false" tier="2" xsd_ver="2.6"/>
                </shared_stage:clinical_categories>
                <shared_stage:pathologic_categories>
                    <shared_stage:pathologic_T cde="3045435" display_order="43" owner="TSS" preferred_name="ajcc_tumor_pathologic_pT" procurement_status="Completed" restricted="false" source_system_identifier="2060287" tier="1" xsd_ver="2.6">TX</shared_stage:pathologic_T>
                    <shared_stage:pathologic_N cde="3203106" display_order="44" owner="TSS" preferred_name="ajcc_nodes_pathologic_pN" procurement_status="Completed" restricted="false" source_system_identifier="2060288" tier="1" xsd_ver="2.6">N3</shared_stage:pathologic_N>
                    <shared_stage:pathologic_M cde="3045439" display_order="45" owner="TSS" preferred_name="ajcc_metastasis_pathologic_pM" procurement_status="Completed" restricted="false" source_system_identifier="2060289" tier="1" xsd_ver="2.6">M1b</shared_stage:pathologic_M>
                </shared_stage:pathologic_categories>
            </shared_stage:tnm_categories>
            <shared_stage:psa>
                <shared_stage:psa_value cde="3351903" display_order="9999" owner="TSS" preferred_name="" procurement_status="Not Applicable" restricted="false" tier="2" xsd_ver="2.6"/>
                <shared_stage:days_to_psa cde="" owner="TSS" procurement_status="Not Applicable" tier="2" xsd_ver="2.6"/>
            </shared_stage:psa>
            <shared_stage:gleason_grading>
                <shared_stage:gleason_score cde="2534619" display_order="9999" owner="TSS" preferred_name="" procurement_status="Not Applicable" restricted="false" tier="2" xsd_ver="2.6"/>
                <shared_stage:primary_pattern cde="2534617" display_order="9999" owner="TSS" preferred_name="" procurement_status="Not Applicable" restricted="false" tier="2" xsd_ver="2.6"/>
                <shared_stage:secondary_pattern cde="2534618" display_order="9999" owner="TSS" preferred_name="" procurement_status="Not Applicable" restricted="false" tier="2" xsd_ver="2.6"/>
                <shared_stage:tertiary_pattern cde="2783875" display_order="9999" owner="TSS" preferred_name="" procurement_status="Not Applicable" restricted="false" tier="2" xsd_ver="2.6"/>
            </shared_stage:gleason_grading>
            <shared_stage:ann_arbor>
                <shared_stage:b_symptoms cde="2902402" display_order="9999" owner="TSS" preferred_name="" procurement_status="Not Applicable" restricted="false" tier="2" xsd_ver="2.6"/>
                <shared_stage:extranodal_involvement cde="3364582" display_order="9999" owner="TSS" preferred_name="" procurement_status="Not Applicable" restricted="false" tier="2" xsd_ver="2.6"/>
            </shared_stage:ann_arbor>
        </shared_stage:stage_event>
        <shared:lactate_dehydrogenase_result cde="3113468" display_order="46" owner="TSS" preferred_name="ldh_level" procurement_status="Not Available" restricted="false" source_system_identifier="2060290" tier="2" xsd_ver="2.4"/>
        <skcm_shared:days_to_submitted_specimen_dx cde="" owner="TSS" procurement_status="Not Available" tier="1" xsd_ver="1.16"/>
        <shared:tumor_tissue_site cde="3427536" display_order="52" owner="TSS" preferred_name="submitted_tumor_site" procurement_status="Completed" restricted="false" source_system_identifier="2060296" tier="1" xsd_ver="2.6">Regional Lymph Node</shared:tumor_tissue_site>
        <skcm_shared:distant_metastasis_anatomic_site cde="2961431" display_order="53" owner="TSS" preferred_name="metastatic_tumor_site" procurement_status="Not Available" restricted="false" source_system_identifier="2060297" tier="1" xsd_ver="2.5"/>
        <skcm:melanoma_origin_skin_anatomic_site cde="3108474" display_order="54" owner="TSS" preferred_name="primary_melanoma_skin_type" procurement_status="Completed" restricted="false" source_system_identifier="2060298" tier="1" xsd_ver="2.5">Non-glabrous skin</skcm:melanoma_origin_skin_anatomic_site>
        <skcm:prior_systemic_therapy_types>
            <skcm:prior_systemic_therapy_type cde="3119700" display_order="57" owner="TSS" preferred_name="history_neoadjuvant_tx_type" procurement_status="Completed" restricted="false" source_system_identifier="2060301" tier="1" xsd_ver="2.4">Immunotherapy/Vaccine</skcm:prior_systemic_therapy_type>
        </skcm:prior_systemic_therapy_types>
        <skcm:interferon_90_day_prior_excision_admin_indicator cde="3162803" display_order="58" owner="TSS" preferred_name="ifn_tx_90_days_prior_to_resection" procurement_status="Completed" restricted="false" source_system_identifier="2060302" tier="1" xsd_ver="2.4">NO</skcm:interferon_90_day_prior_excision_admin_indicator>
        <shared:radiation_therapy cde="2005312" display_order="59" owner="TSS" preferred_name="radiation_treatment_adjuvant" procurement_status="Completed" restricted="false" source_system_identifier="2060281" tier="1" xsd_ver="1.9">NO</shared:radiation_therapy>
        <shared:postoperative_rx_tx cde="3397567" display_order="60" owner="TSS" preferred_name="pharmaceutical_tx_adjuvant" procurement_status="Not Available" restricted="false" source_system_identifier="2060304" tier="1" xsd_ver="2.5"/>
        <skcm_nte:new_tumor_events>
            <nte:new_tumor_event_after_initial_treatment cde="3121376" display_order="61" owner="TSS" preferred_name="new_tumor_event_dx_indicator" procurement_status="Completed" restricted="false" source_system_identifier="2060333" tier="1" xsd_ver="2.5">YES</nte:new_tumor_event_after_initial_treatment>
            <skcm_shared:new_tumor_dx_prior_submitted_specimen_dx cde="3427563" display_order="62" owner="TSS" preferred_name="new_tumor_event_prior_to_bcr_tumor" procurement_status="Not Available" restricted="false" source_system_identifier="2060334" tier="2" xsd_ver="2.5"/>
            <skcm_nte:new_tumor_event>
                <nte:days_to_new_tumor_event_after_initial_treatment cde="" owner="TSS" precision="day" procurement_status="Completed" tier="1" xsd_ver="2.2">4287</nte:days_to_new_tumor_event_after_initial_treatment>
                <nte:new_tumor_event_additional_surgery_procedure cde="3427611" display_order="67" owner="TSS" preferred_name="new_tumor_event_surgery" procurement_status="Completed" restricted="false" source_system_identifier="2060339" tier="2" xsd_ver="2.5">NO</nte:new_tumor_event_additional_surgery_procedure>
                <nte:days_to_new_tumor_event_additional_surgery_procedure cde="" owner="TSS" procurement_status="Not Available" tier="2" xsd_ver="2.5"/>
                <nte:additional_radiation_therapy cde="3427615" display_order="72" owner="TSS" preferred_name="new_tumor_event_radiation_tx" procurement_status="Completed" restricted="false" source_system_identifier="2060344" tier="2" xsd_ver="2.5">YES</nte:additional_radiation_therapy>
                <nte:additional_pharmaceutical_therapy cde="3427616" display_order="73" owner="TSS" preferred_name="new_tumor_event_pharmaceutical_tx" procurement_status="Completed" restricted="false" source_system_identifier="2060345" tier="2" xsd_ver="2.5">YES</nte:additional_pharmaceutical_therapy>
                <nte:new_neoplasm_event_type cde="3119721" display_order="74" owner="TSS" preferred_name="new_tumor_event_type" procurement_status="Completed" restricted="false" source_system_identifier="2060346" tier="2" xsd_ver="2.5">Distant Metastasis</nte:new_neoplasm_event_type>
                <skcm_shared:new_tumor_metastasis_anatomic_site cde="3430936" display_order="75" owner="TSS" preferred_name="new_tumor_event_met_site" procurement_status="Completed" restricted="false" source_system_identifier="2060347" tier="2" xsd_ver="2.5">Other, Specify</skcm_shared:new_tumor_metastasis_anatomic_site>
                <skcm_shared:new_tumor_metastasis_anatomic_site_other_text cde="3427578" display_order="76" owner="TSS" preferred_name="new_tumor_event_met_site_other" procurement_status="Completed" restricted="false" source_system_identifier="2060348" tier="2" xsd_ver="2.5">thorax wall-between muscle</skcm_shared:new_tumor_metastasis_anatomic_site_other_text>
                <skcm_shared:new_primary_melanoma_anatomic_site cde="3430941" display_order="77" owner="TSS" preferred_name="new_tumor_event_melanoma_location" procurement_status="Not Available" restricted="false" source_system_identifier="2060349" tier="2" xsd_ver="2.5"/>
                <skcm_shared:primary_anatomic_site_count cde="3427609" display_order="78" owner="TSS" preferred_name="new_tumor_event_melanoma_count" procurement_status="Not Available" restricted="false" source_system_identifier="2060350" tier="2" xsd_ver="2.5"/>
                <skcm_shared:new_primary_melanoma_anatomic_site_other_text cde="3427598" display_order="79" owner="TSS" preferred_name="new_tumor_event_melanoma_site" procurement_status="Not Applicable" restricted="false" source_system_identifier="2060351" tier="2" xsd_ver="2.5" xsi:nil="true"/>
                <skcm_shared:new_non_melanoma_event_histologic_type_text cde="342.6.1" display_order="9999" owner="TSS" preferred_name="" procurement_status="Not Available" restricted="false" source_system_identifier="2060352" tier="2" xsd_ver="2.5"/>
                <nte:new_neoplasm_event_occurrence_anatomic_site cde="3108271" display_order="81" owner="TSS" preferred_name="new_tumor_event_site" procurement_status="Not Available" restricted="false" source_system_identifier="2060353" tier="2" xsd_ver="2.5"/>
            </skcm_nte:new_tumor_event>
            <skcm_nte:new_tumor_event>
                <nte:days_to_new_tumor_event_after_initial_treatment cde="" owner="TSS" precision="day" procurement_status="Completed" tier="1" xsd_ver="2.2">4364</nte:days_to_new_tumor_event_after_initial_treatment>
                <nte:new_tumor_event_additional_surgery_procedure cde="3427611" display_order="67" owner="TSS" preferred_name="new_tumor_event_surgery" procurement_status="Completed" restricted="false" source_system_identifier="2060358" tier="2" xsd_ver="2.5">NO</nte:new_tumor_event_additional_surgery_procedure>
                <nte:days_to_new_tumor_event_additional_surgery_procedure cde="" owner="TSS" procurement_status="Not Available" tier="2" xsd_ver="2.5"/>
                <nte:additional_radiation_therapy cde="3427615" display_order="72" owner="TSS" preferred_name="new_tumor_event_radiation_tx" procurement_status="Completed" restricted="false" source_system_identifier="2060363" tier="2" xsd_ver="2.5">YES</nte:additional_radiation_therapy>
                <nte:additional_pharmaceutical_therapy cde="3427616" display_order="73" owner="TSS" preferred_name="new_tumor_event_pharmaceutical_tx" procurement_status="Completed" restricted="false" source_system_identifier="2060364" tier="2" xsd_ver="2.5">YES</nte:additional_pharmaceutical_therapy>
                <nte:new_neoplasm_event_type cde="3119721" display_order="74" owner="TSS" preferred_name="new_tumor_event_type" procurement_status="Completed" restricted="false" source_system_identifier="2060365" tier="2" xsd_ver="2.5">Distant Metastasis</nte:new_neoplasm_event_type>
                <skcm_shared:new_tumor_metastasis_anatomic_site cde="3430936" display_order="75" owner="TSS" preferred_name="new_tumor_event_met_site" procurement_status="Completed" restricted="false" source_system_identifier="2060366" tier="2" xsd_ver="2.5">Lung</skcm_shared:new_tumor_metastasis_anatomic_site>
                <skcm_shared:new_tumor_metastasis_anatomic_site_other_text cde="3427578" display_order="76" owner="TSS" preferred_name="new_tumor_event_met_site_other" procurement_status="Not Applicable" restricted="false" source_system_identifier="2060367" tier="2" xsd_ver="2.5" xsi:nil="true"/>
                <skcm_shared:new_primary_melanoma_anatomic_site cde="3430941" display_order="77" owner="TSS" preferred_name="new_tumor_event_melanoma_location" procurement_status="Not Available" restricted="false" source_system_identifier="2060368" tier="2" xsd_ver="2.5"/>
                <skcm_shared:primary_anatomic_site_count cde="3427609" display_order="78" owner="TSS" preferred_name="new_tumor_event_melanoma_count" procurement_status="Not Available" restricted="false" source_system_identifier="2060369" tier="2" xsd_ver="2.5"/>
                <skcm_shared:new_primary_melanoma_anatomic_site_other_text cde="3427598" display_order="79" owner="TSS" preferred_name="new_tumor_event_melanoma_site" procurement_status="Not Applicable" restricted="false" source_system_identifier="2060370" tier="2" xsd_ver="2.5" xsi:nil="true"/>
                <skcm_shared:new_non_melanoma_event_histologic_type_text cde="342.6.1" display_order="9999" owner="TSS" preferred_name="" procurement_status="Not Available" restricted="false" source_system_identifier="2060371" tier="2" xsd_ver="2.5"/>
                <nte:new_neoplasm_event_occurrence_anatomic_site cde="3108271" display_order="81" owner="TSS" preferred_name="new_tumor_event_site" procurement_status="Not Available" restricted="false" source_system_identifier="2060372" tier="2" xsd_ver="2.5"/>
            </skcm_nte:new_tumor_event>
        </skcm_nte:new_tumor_events>
        <shared:day_of_form_completion cde="2975716" display_order="999" owner="TSS" preferred_name="form_completion_day" procurement_status="Completed" restricted="true" tier="2" xsd_ver="2.2">13</shared:day_of_form_completion>
        <shared:month_of_form_completion cde="2975718" display_order="999" owner="TSS" preferred_name="form_completion_month" procurement_status="Completed" restricted="true" tier="2" xsd_ver="2.2">8</shared:month_of_form_completion>
        <shared:year_of_form_completion cde="2975720" display_order="999" owner="TSS" preferred_name="form_completion_year" procurement_status="Completed" restricted="true" tier="2" xsd_ver="2.2">2012</shared:year_of_form_completion>
        <skcm:follow_ups>
            <follow_up_v2.0:follow_up sequence="1" version="2.0">
                <shared:bcr_followup_barcode cde="" display_order="9999" owner="TSS" preferred_name="" procurement_status="Completed" restricted="false" xsd_ver="2.5">TCGA-D9-A148-F20724</shared:bcr_followup_barcode>
                <shared:bcr_followup_uuid cde="" display_order="9999" owner="TSS" preferred_name="" procurement_status="Completed" restricted="false" xsd_ver="2.5">7A5D8A10-BC2D-41E1-9BF8-096B635DB386</shared:bcr_followup_uuid>
                <shared:followup_case_report_form_submission_reason cde="3233305" display_order="999" owner="TSS" preferred_name="followup_reason" procurement_status="Completed" restricted="false" source_system_identifier="1517614" tier="2" xsd_ver="2.5">Scheduled Follow-up Submission</shared:followup_case_report_form_submission_reason>
                <shared:lost_follow_up cde="61333" display_order="4" owner="TSS" preferred_name="followup_lost_to" procurement_status="Not Available" restricted="false" tier="1" xsd_ver="2.5"/>
                <shared:radiation_therapy cde="2005312" display_order="59" owner="TSS" preferred_name="radiation_treatment_adjuvant" procurement_status="Completed" restricted="false" source_system_identifier="1517615" tier="1" xsd_ver="1.9">YES</shared:radiation_therapy>
                <shared:postoperative_rx_tx cde="3397567" display_order="60" owner="TSS" preferred_name="pharmaceutical_tx_adjuvant" procurement_status="Completed" restricted="false" source_system_identifier="1517616" tier="1" xsd_ver="2.5">YES</shared:postoperative_rx_tx>
                <shared:person_neoplasm_cancer_status cde="2759550" display_order="17" owner="TSS" preferred_name="tumor_status" procurement_status="Completed" restricted="false" source_system_identifier="1517624" tier="2" xsd_ver="1.9">WITH TUMOR</shared:person_neoplasm_cancer_status>
                <shared:vital_status cde="5" display_order="18" owner="TSS" preferred_name="vital_status" procurement_status="Completed" restricted="false" source_system_identifier="1517617" tier="2" xsd_ver="2.6">Alive</shared:vital_status>
                <shared:days_to_last_followup cde="" owner="TSS" precision="day" procurement_status="Completed" tier="1" xsd_ver="1.16">4609</shared:days_to_last_followup>
                <shared:days_to_death cde="" owner="TSS" procurement_status="Not Applicable" tier="1" xsd_ver="1.16"/>
                <skcm_shared:subsequent_primary_melanoma_during_followup cde="3430950" display_order="17" owner="TSS" preferred_name="subsequent_known_primaries" procurement_status="Not Available" restricted="false" tier="2" xsd_ver="2.5"/>
                <follow_up_v2.0:new_tumor_events>
                    <nte:new_tumor_event_after_initial_treatment cde="3121376" display_order="61" owner="TSS" preferred_name="new_tumor_event_dx_indicator" procurement_status="Completed" restricted="false" source_system_identifier="1517625" tier="1" xsd_ver="2.5">YES</nte:new_tumor_event_after_initial_treatment>
                    <follow_up_v2.0:new_tumor_event>
                        <nte:days_to_new_tumor_event_after_initial_treatment cde="" owner="TSS" precision="day" procurement_status="Completed" tier="1" xsd_ver="2.2">4287</nte:days_to_new_tumor_event_after_initial_treatment>
                        <nte:new_tumor_event_additional_surgery_procedure cde="3427611" display_order="67" owner="TSS" preferred_name="new_tumor_event_surgery" procurement_status="Completed" restricted="false" source_system_identifier="1517632" tier="2" xsd_ver="2.5">YES</nte:new_tumor_event_additional_surgery_procedure>
                        <nte:days_to_new_tumor_event_additional_surgery_procedure cde="" owner="TSS" precision="day" procurement_status="Completed" tier="2" xsd_ver="2.5">4540</nte:days_to_new_tumor_event_additional_surgery_procedure>
                        <shared:new_tumor_additional_rad_tx cde="3427615" display_order="72" owner="TSS" preferred_name="new_tumor_event_radiation_tx" procurement_status="Completed" restricted="false" source_system_identifier="1517636" tier="2" xsd_ver="2.5">YES</shared:new_tumor_additional_rad_tx>
                        <shared:new_tumor_additional_rx_tx cde="3427616" display_order="73" owner="TSS" preferred_name="new_tumor_event_pharmaceutical_tx" procurement_status="Completed" restricted="false" source_system_identifier="1517637" tier="2" xsd_ver="2.5">YES</shared:new_tumor_additional_rx_tx>
                        <nte:new_neoplasm_event_type cde="3119721" display_order="74" owner="TSS" preferred_name="new_tumor_event_type" procurement_status="Not Available" restricted="false" tier="2" xsd_ver="2.5"/>
                        <skcm_shared:new_tumor_metastasis_anatomic_site cde="3430936" display_order="75" owner="TSS" preferred_name="new_tumor_event_met_site" procurement_status="Not Available" restricted="false" tier="2" xsd_ver="2.5"/>
                        <skcm_shared:new_tumor_metastasis_anatomic_site_other_text cde="3427578" display_order="76" owner="TSS" preferred_name="new_tumor_event_met_site_other" procurement_status="Not Applicable" restricted="false" source_system_identifier="1517631" tier="2" xsd_ver="2.5" xsi:nil="true"/>
                        <skcm_shared:new_primary_melanoma_anatomic_site cde="3430941" display_order="77" owner="TSS" preferred_name="new_tumor_event_melanoma_location" procurement_status="Not Available" restricted="false" tier="2" xsd_ver="2.5"/>
                        <skcm_shared:primary_anatomic_site_count cde="3427609" display_order="78" owner="TSS" preferred_name="new_tumor_event_melanoma_count" procurement_status="Not Available" restricted="false" tier="2" xsd_ver="2.5"/>
                        <skcm_shared:new_primary_melanoma_anatomic_site_other_text cde="3427598" display_order="79" owner="TSS" preferred_name="new_tumor_event_melanoma_site" procurement_status="Not Applicable" restricted="false" tier="2" xsd_ver="2.5" xsi:nil="true"/>
                        <skcm_shared:new_non_melanoma_event_histologic_type_text cde="342.6.1" display_order="9999" owner="TSS" preferred_name="" procurement_status="Not Available" restricted="false" tier="2" xsd_ver="2.5"/>
                        <nte:new_neoplasm_event_occurrence_anatomic_site cde="3108271" display_order="81" owner="TSS" preferred_name="new_tumor_event_site" procurement_status="Completed" restricted="false" source_system_identifier="1517630" tier="2" xsd_ver="2.5">Lung</nte:new_neoplasm_event_occurrence_anatomic_site>
                    </follow_up_v2.0:new_tumor_event>
                </follow_up_v2.0:new_tumor_events>
                <shared:day_of_form_completion cde="2975716" display_order="999" owner="TSS" preferred_name="form_completion_day" procurement_status="Completed" restricted="true" source_system_identifier="1517612" tier="2" xsd_ver="2.2">19</shared:day_of_form_completion>
                <shared:month_of_form_completion cde="2975718" display_order="999" owner="TSS" preferred_name="form_completion_month" procurement_status="Completed" restricted="true" source_system_identifier="1517611" tier="2" xsd_ver="2.2">1</shared:month_of_form_completion>
                <shared:year_of_form_completion cde="2975720" display_order="999" owner="TSS" preferred_name="form_completion_year" procurement_status="Completed" restricted="true" source_system_identifier="1517613" tier="2" xsd_ver="2.2">2012</shared:year_of_form_completion>
            </follow_up_v2.0:follow_up>
        </skcm:follow_ups>
        <rx:drugs>
            <rx:drug>
                <rx:tx_on_clinical_trial cde="2503808" display_order="4" owner="TSS" preferred_name="clinical_trial_indicator" procurement_status="Not Available" restricted="false" tier="2" xsd_ver="2.5"/>
                <rx:regimen_number cde="2673845" display_order="999" owner="TSS" preferred_name="regimen_number" procurement_status="Not Available" restricted="false" source_system_identifier="1517643" tier="2" xsd_ver="2.1"/>
                <rx:bcr_drug_barcode owner="TSS" procurement_status="Completed" restricted="false" xsd_ver="1.15">TCGA-D9-A148-D20725</rx:bcr_drug_barcode>
                <rx:bcr_drug_uuid cde="" display_order="9999" owner="TSS" preferred_name="" procurement_status="Completed" restricted="false" xsd_ver="2.3">6425AFA1-E88F-4726-B334-F53AB7291629</rx:bcr_drug_uuid>
                <rx:total_dose cde="1515" display_order="999" owner="TSS" preferred_name="total_dose" procurement_status="Not Available" restricted="false" source_system_identifier="1517652" tier="2" xsd_ver="2.1"/>
                <rx:total_dose_units cde="3088785" display_order="999" owner="TSS" preferred_name="pharmaceutical_tx_total_dose_units" procurement_status="Not Available" restricted="false" source_system_identifier="1517653" tier="2" xsd_ver="2.1"/>
                <rx:prescribed_dose cde="2184728" display_order="999" owner="TSS" preferred_name="prescribed_dose" procurement_status="Not Available" restricted="false" source_system_identifier="1517650" tier="2" xsd_ver="2.1"/>
                <rx:prescribed_dose_units cde="3065815" display_order="999" owner="TSS" preferred_name="pharmaceutical_tx_dose_units" procurement_status="Not Available" restricted="false" source_system_identifier="1517651" tier="2" xsd_ver="2.1"/>
                <rx:number_cycles cde="62590" display_order="999" owner="TSS" preferred_name="pharma_adjuvant_cycles_count" procurement_status="Completed" restricted="false" source_system_identifier="1517649" tier="2" xsd_ver="1.8">4</rx:number_cycles>
                <rx:days_to_drug_therapy_start cde="" owner="TSS" precision="day" procurement_status="Completed" tier="2" xsd_ver="1.16">4426</rx:days_to_drug_therapy_start>
                <rx:days_to_drug_therapy_end cde="" owner="TSS" precision="day" procurement_status="Completed" tier="2" xsd_ver="1.16">4496</rx:days_to_drug_therapy_end>
                <rx:therapy_types>
                    <rx:therapy_type cde="2793530" display_order="7" owner="TSS" preferred_name="pharmaceutical_therapy_type" procurement_status="Completed" restricted="false" source_system_identifier="1517646" tier="2" xsd_ver="2.1">Immunotherapy</rx:therapy_type>
                    <rx:therapy_type_notes cde="2001762" display_order="999" owner="TSS" preferred_name="pharma_type_other" procurement_status="Not Available" restricted="false" source_system_identifier="1517647" tier="2" xsd_ver="2.1"/>
                </rx:therapy_types>
                <rx:drug_name cde="2975232" display_order="22" owner="TSS" preferred_name="pharmaceutical_therapy_drug_name" procurement_status="Completed" restricted="false" source_system_identifier="1517648" tier="1" xsd_ver="1.10">ipilimumab</rx:drug_name>
                <rx:clinical_trail_drug_classification cde="3378323" display_order="6" owner="TSS" preferred_name="clinical_trial_drug_classification" procurement_status="Not Available" restricted="false" tier="2" xsd_ver="2.5"/>
                <shared:regimen_indication cde="2793511" display_order="999" owner="TSS" preferred_name="therapy_regimen" procurement_status="Completed" restricted="false" source_system_identifier="1517644" tier="2" xsd_ver="1.12">RECURRENCE</shared:regimen_indication>
                <shared:regimen_indication_notes cde="2793516" display_order="999" owner="TSS" preferred_name="therapy_regimen_other" procurement_status="Not Applicable" restricted="false" source_system_identifier="1517645" tier="2" xsd_ver="1.12"/>
                <rx:route_of_administrations>
                    <rx:route_of_administration cde="2003586" display_order="999" owner="TSS" preferred_name="route_of_administration" procurement_status="Completed" restricted="false" source_system_identifier="1517654" tier="2" xsd_ver="2.3">Intravenous (IV)</rx:route_of_administration>
                </rx:route_of_administrations>
                <rx:therapy_ongoing cde="3103479" display_order="12" owner="TSS" preferred_name="pharmaceutical_tx_ongoing_indicator" procurement_status="Completed" restricted="false" source_system_identifier="1517658" tier="2" xsd_ver="2.2">NO</rx:therapy_ongoing>
                <shared:measure_of_response cde="2857291" display_order="17" owner="TSS" preferred_name="treatment_best_response" procurement_status="Not Available" restricted="false" tier="2" xsd_ver="2.5"/>
                <shared:day_of_form_completion cde="2975716" display_order="999" owner="TSS" preferred_name="form_completion_day" procurement_status="Completed" restricted="true" source_system_identifier="1517641" tier="2" xsd_ver="2.2">19</shared:day_of_form_completion>
                <shared:month_of_form_completion cde="2975718" display_order="999" owner="TSS" preferred_name="form_completion_month" procurement_status="Completed" restricted="true" source_system_identifier="1517640" tier="2" xsd_ver="2.2">1</shared:month_of_form_completion>
                <shared:year_of_form_completion cde="2975720" display_order="999" owner="TSS" preferred_name="form_completion_year" procurement_status="Completed" restricted="true" source_system_identifier="1517642" tier="2" xsd_ver="2.2">2012</shared:year_of_form_completion>
            </rx:drug>
        </rx:drugs>
        <rad:radiations>
            <rad:radiation>
                <rad:bcr_radiation_barcode owner="TSS" procurement_status="Completed" restricted="false" xsd_ver="1.15">TCGA-D9-A148-R20726</rad:bcr_radiation_barcode>
                <rad:bcr_radiation_uuid cde="" display_order="9999" owner="TSS" preferred_name="" procurement_status="Completed" restricted="false" xsd_ver="2.3">56EB41CD-06DB-4999-A0F1-51B15665402F</rad:bcr_radiation_uuid>
                <rad:days_to_radiation_therapy_start cde="" owner="TSS" precision="day" procurement_status="Completed" tier="2" xsd_ver="1.16">4468</rad:days_to_radiation_therapy_start>
                <rad:days_to_radiation_therapy_end cde="" owner="TSS" precision="day" procurement_status="Completed" tier="2" xsd_ver="1.16">4473</rad:days_to_radiation_therapy_end>
                <rad:radiation_type cde="2842944" display_order="4" owner="TSS" preferred_name="radiation_therapy_type" procurement_status="Completed" restricted="false" source_system_identifier="1517670" tier="2" xsd_ver="1.8">EXTERNAL BEAM</rad:radiation_type>
                <rad:radiation_type_notes cde="2195477" display_order="999" owner="TSS" preferred_name="radiation_type_other" procurement_status="Not Applicable" restricted="false" source_system_identifier="1517671" tier="2" xsd_ver="1.12"/>
                <rad:radiation_dosage cde="2721441" display_order="6" owner="TSS" preferred_name="radiation_total_dose" procurement_status="Completed" restricted="false" source_system_identifier="1517673" tier="2" xsd_ver="1.8">2000</rad:radiation_dosage>
                <rad:units cde="61446" display_order="7" owner="TSS" preferred_name="radiation_adjuvant_units" procurement_status="Completed" restricted="false" source_system_identifier="1517674" tier="2" xsd_ver="1.12">cGy</rad:units>
                <rad:numfractions cde="61465" display_order="8" owner="TSS" preferred_name="radiation_adjuvant_fractions_total" procurement_status="Completed" restricted="false" source_system_identifier="1517675" tier="2" xsd_ver="1.8">5</rad:numfractions>
                <rad:anatomic_treatment_site cde="2793522" display_order="5" owner="TSS" preferred_name="radiation_therapy_site" procurement_status="Completed" restricted="false" source_system_identifier="1517672" tier="2" xsd_ver="2.3">Distant Recurrence</rad:anatomic_treatment_site>
                <shared:regimen_indication cde="2793511" display_order="999" owner="TSS" preferred_name="therapy_regimen" procurement_status="Completed" restricted="false" source_system_identifier="1517668" tier="2" xsd_ver="1.12">PROGRESSION</shared:regimen_indication>
                <shared:regimen_indication_notes cde="2793516" display_order="999" owner="TSS" preferred_name="therapy_regimen_other" procurement_status="Not Available" restricted="false" source_system_identifier="1517669" tier="2" xsd_ver="1.12"/>
                <rad:radiation_treatment_ongoing cde="2842745" display_order="13" owner="TSS" preferred_name="radiation_therapy_ongoing_indicator" procurement_status="Completed" restricted="false" source_system_identifier="1517679" tier="2" xsd_ver="1.12">NO</rad:radiation_treatment_ongoing>
                <rad:course_number cde="2732184" display_order="999" owner="TSS" preferred_name="course_number" procurement_status="Not Available" restricted="false" source_system_identifier="1517667" tier="2" xsd_ver="2.2"/>
                <shared:measure_of_response cde="2857291" display_order="17" owner="TSS" preferred_name="treatment_best_response" procurement_status="Not Available" restricted="false" tier="2" xsd_ver="2.5"/>
                <shared:day_of_form_completion cde="2975716" display_order="999" owner="TSS" preferred_name="form_completion_day" procurement_status="Completed" restricted="true" source_system_identifier="1517665" tier="2" xsd_ver="2.2">19</shared:day_of_form_completion>
                <shared:month_of_form_completion cde="2975718" display_order="999" owner="TSS" preferred_name="form_completion_month" procurement_status="Completed" restricted="true" source_system_identifier="1517664" tier="2" xsd_ver="2.2">1</shared:month_of_form_completion>
                <shared:year_of_form_completion cde="2975720" display_order="999" owner="TSS" preferred_name="form_completion_year" procurement_status="Completed" restricted="true" source_system_identifier="1517666" tier="2" xsd_ver="2.2">2012</shared:year_of_form_completion>
            </rad:radiation>
        </rad:radiations>
        <skcm:clinical_cqcf>
            <shared:anatomic_neoplasm_subdivision cde="3108203" display_order="9999" owner="TSS" preferred_name="" procurement_status="Not Available" restricted="false" tier="2" xsd_ver="2.6"/>
            <cqcf:consent_or_death_status cde="3288361" display_order="75" owner="TSS" preferred_name="patient_consent_status" procurement_status="Completed" restricted="false" tier="1" xsd_ver="2.5">Consented</cqcf:consent_or_death_status>
            <cqcf:days_to_consent cde="" owner="TSS" precision="day" procurement_status="Completed" tier="1" xsd_ver="2.5">4020</cqcf:days_to_consent>
            <cqcf:diagnosis_subtype cde="2783887" display_order="9999" owner="TSS" preferred_name="" procurement_status="Not Available" restricted="false" tier="2" xsd_ver="2.5"/>
            <shared:prior_dx cde="3382736" display_order="15" owner="TSS" preferred_name="history_other_malignancy" procurement_status="Not Available" restricted="false" tier="1" xsd_ver="2.5"/>
            <shared:history_of_neoadjuvant_treatment cde="3382737" display_order="16" owner="TSS" preferred_name="history_neoadjuvant_treatment" procurement_status="Completed" restricted="false" tier="1" xsd_ver="2.4">No</shared:history_of_neoadjuvant_treatment>
            <cqcf:normal_tissue_anatomic_site cde="3081938" display_order="60" owner="TSS" preferred_name="normal_control_tissue_site" procurement_status="Not Available" restricted="false" tier="1" xsd_ver="2.5"/>
            <cqcf:normal_tissue_proximity cde="3088708" display_order="62" owner="TSS" preferred_name="normal_control_proximity_to_tumor" procurement_status="Not Available" restricted="false" tier="1" xsd_ver="2.5"/>
            <cqcf:tumor_focality cde="3174022" display_order="9999" owner="TSS" preferred_name="" procurement_status="Not Available" restricted="false" tier="2" xsd_ver="2.5"/>
            <cqcf:tumor_type cde="3288124" display_order="4" owner="TSS" preferred_name="tumor_sample_type" procurement_status="Completed" restricted="false" tier="1" xsd_ver="2.5">Metastatic</cqcf:tumor_type>
            <cqcf:other_diagnosis cde="3124492" display_order="9" owner="TSS" preferred_name="histologic_diagnosis_other" procurement_status="Not Available" restricted="false" tier="2" xsd_ver="2.5"/>
            <shared:histological_type cde="3081934" display_order="8" owner="TSS" preferred_name="histologic_diagnosis" procurement_status="Not Available" restricted="false" tier="2" xsd_ver="2.5"/>
            <cqcf:other_anatomic_site cde="3320289" display_order="9999" owner="TSS" preferred_name="" procurement_status="Not Available" restricted="false" tier="2" xsd_ver="2.5"/>
            <cqcf:country cde="3203072" display_order="13" owner="TSS" preferred_name="tumor_sample_procurement_country" procurement_status="Completed" restricted="false" tier="1" xsd_ver="2.5">Poland</cqcf:country>
        </skcm:clinical_cqcf>
    </skcm:patient>
</skcm:tcga_bcr>