<?xml version="1.0" encoding="UTF-8"?><skcm:tcga_bcr xmlns:skcm="http://tcga.nci/bcr/xml/clinical/skcm/2.6" xmlns:admin="http://tcga.nci/bcr/xml/administration/2.6" xmlns:cqcf="http://tcga.nci/bcr/xml/clinical/cqcf/2.6" xmlns:nte="http://tcga.nci/bcr/xml/clinical/shared/new_tumor_event/2.6" xmlns:rad="http://tcga.nci/bcr/xml/clinical/radiation/2.6" xmlns:rx="http://tcga.nci/bcr/xml/clinical/pharmaceutical/2.6" xmlns:shared="http://tcga.nci/bcr/xml/clinical/shared/2.6" xmlns:shared_stage="http://tcga.nci/bcr/xml/clinical/shared/stage/2.6" xmlns:skcm_nte="http://tcga.nci/bcr/xml/clinical/skcm/shared/new_tumor_event/2.6/1.0" xmlns:skcm_shared="http://tcga.nci/bcr/xml/clinical/skcm/shared/2.6" xmlns:xsi="http://www.w3.org/2001/XMLSchema-instance" schemaVersion="2.6" xsi:schemaLocation="http://tcga.nci/bcr/xml/clinical/skcm/2.6 http://tcga-data.nci.nih.gov/docs/xsd/BCR/tcga.nci/bcr/xml/clinical/skcm/2.6/TCGA_BCR.SKCM_Clinical.xsd">
    <admin:admin>
        <admin:bcr xsd_ver="1.17">Nationwide Children's Hospital</admin:bcr>
        <admin:batch_number xsd_ver="1.17">180.28.0</admin:batch_number>
        <admin:disease_code xsd_ver="2.3">SKCM</admin:disease_code>
        <admin:day_of_dcc_upload xsd_ver="1.17">24</admin:day_of_dcc_upload>
        <admin:month_of_dcc_upload xsd_ver="1.17">10</admin:month_of_dcc_upload>
        <admin:year_of_dcc_upload xsd_ver="1.17">2013</admin:year_of_dcc_upload>
        <admin:patient_withdrawal>
            <admin:withdrawn>false</admin:withdrawn>
        </admin:patient_withdrawal>
    </admin:admin>
    <skcm:patient>
        <shared:tissue_source_site cde="" owner="TSS" procurement_status="Completed" restricted="false" xsd_ver="2.4">ER</shared:tissue_source_site>
        <shared:patient_id cde="" owner="TSS" procurement_status="Completed" restricted="false" xsd_ver="2.4">A2NG</shared:patient_id>
        <shared:bcr_patient_barcode cde="2673794" display_order="9999" owner="TSS" preferred_name="" procurement_status="Completed" restricted="false" xsd_ver="1.8">TCGA-ER-A2NG</shared:bcr_patient_barcode>
        <shared:bcr_patient_uuid cde="" display_order="9999" owner="TSS" preferred_name="" procurement_status="Completed" restricted="false" xsd_ver="2.3">F788F950-7953-47A6-B833-F9E5DAA28FD3</shared:bcr_patient_uuid>
        <shared:informed_consent_verified cde="2714689" display_order="9999" owner="TSS" preferred_name="" procurement_status="Completed" restricted="false" tier="2" xsd_ver="2.4">YES</shared:informed_consent_verified>
        <shared:icd_o_3_site cde="3226281" display_order="9999" owner="TSS" preferred_name="" procurement_status="Completed" restricted="false" tier="2" xsd_ver="2.4">C77.3</shared:icd_o_3_site>
        <shared:icd_o_3_histology cde="3226275" display_order="9999" owner="TSS" preferred_name="" procurement_status="Completed" restricted="false" tier="2" xsd_ver="2.4">8720/3</shared:icd_o_3_histology>
        <shared:icd_10 cde="3226287" display_order="9999" owner="TSS" preferred_name="" procurement_status="Completed" restricted="false" tier="2" xsd_ver="2.4">C77.3</shared:icd_10>
        <shared:tissue_prospective_collection_indicator cde="3088492" display_order="4" owner="TSS" preferred_name="prospective_collection" procurement_status="Completed" restricted="false" source_system_identifier="1895202" tier="2" xsd_ver="2.3">YES</shared:tissue_prospective_collection_indicator>
        <shared:tissue_retrospective_collection_indicator cde="3088528" display_order="5" owner="TSS" preferred_name="retrospective_collection" procurement_status="Completed" restricted="false" source_system_identifier="1895203" tier="2" xsd_ver="2.3">NO</shared:tissue_retrospective_collection_indicator>
        <shared:days_to_birth cde="" owner="TSS" precision="day" procurement_status="Completed" tier="1" xsd_ver="1.16">-15902</shared:days_to_birth>
        <shared:gender cde="2200604" display_order="10" owner="TSS" preferred_name="gender" procurement_status="Completed" restricted="false" source_system_identifier="1895232" tier="1" xsd_ver="1.8">FEMALE</shared:gender>
        <shared:height cde="649" display_order="11" owner="TSS" preferred_name="height_cm_at_diagnosis" procurement_status="Not Available" restricted="false" source_system_identifier="1895233" tier="2" xsd_ver="2.2"/>
        <shared:weight cde="651" display_order="12" owner="TSS" preferred_name="weight_kg_at_diagnosis" procurement_status="Not Available" restricted="false" source_system_identifier="1895234" tier="2" xsd_ver="2.2"/>
        <shared:race cde="2192199" display_order="13" owner="TSS" preferred_name="race" procurement_status="Completed" restricted="false" source_system_identifier="1895235" tier="2" xsd_ver="1.8">WHITE</shared:race>
        <shared:ethnicity cde="2192217" display_order="14" owner="TSS" preferred_name="ethnicity" procurement_status="Completed" restricted="false" source_system_identifier="1895236" tier="2" xsd_ver="1.9">NOT HISPANIC OR LATINO</shared:ethnicity>
        <shared:prior_dx cde="3382736" display_order="15" owner="TSS" preferred_name="history_other_malignancy" procurement_status="Completed" restricted="false" source_system_identifier="1895237" tier="1" xsd_ver="2.5">No</shared:prior_dx>
        <shared:history_of_neoadjuvant_treatment cde="3382737" display_order="16" owner="TSS" preferred_name="history_neoadjuvant_treatment" procurement_status="Completed" restricted="false" source_system_identifier="1895238" tier="1" xsd_ver="2.4">Yes</shared:history_of_neoadjuvant_treatment>
        <shared:person_neoplasm_cancer_status cde="2759550" display_order="17" owner="TSS" preferred_name="tumor_status" procurement_status="Completed" restricted="false" source_system_identifier="1895239" tier="2" xsd_ver="1.9">WITH TUMOR</shared:person_neoplasm_cancer_status>
        <shared:vital_status cde="5" display_order="18" owner="TSS" preferred_name="vital_status" procurement_status="Completed" restricted="false" source_system_identifier="1895240" tier="2" xsd_ver="2.6">Alive</shared:vital_status>
        <shared:days_to_last_followup cde="" owner="TSS" precision="day" procurement_status="Completed" tier="1" xsd_ver="1.16">951</shared:days_to_last_followup>
        <shared:days_to_death cde="" owner="TSS" procurement_status="Not Applicable" tier="1" xsd_ver="1.16"/>
        <skcm:primary_neoplasm_melanoma_dx cde="3108462" display_order="27" owner="TSS" preferred_name="primary_melanoma_known_dx" procurement_status="Completed" restricted="false" source_system_identifier="1895290" tier="1" xsd_ver="2.4">YES</skcm:primary_neoplasm_melanoma_dx>
        <skcm:sites_of_primary_melanomas>
            <skcm:primary_tumor_multiple_present_ind cde="64186" display_order="28" owner="TSS" preferred_name="primary_multiple_at_dx" procurement_status="Completed" restricted="false" source_system_identifier="1895291" tier="2" xsd_ver="2.4">NO</skcm:primary_tumor_multiple_present_ind>
            <skcm:primary_melanoma_at_diagnosis_count cde="3427429" display_order="29" owner="TSS" preferred_name="primary_at_dx_count" procurement_status="Not Available" restricted="false" source_system_identifier="1895292" tier="2" xsd_ver="2.5"/>
            <skcm:site>
                <shared:tumor_tissue_site cde="3427536" display_order="52" owner="TSS" preferred_name="submitted_tumor_site" procurement_status="Completed" restricted="false" source_system_identifier="1895293" tier="1" xsd_ver="2.6">Trunk</shared:tumor_tissue_site>
                <skcm_shared:primary_anatomic_site_count cde="3427609" display_order="78" owner="TSS" preferred_name="new_tumor_event_melanoma_count" procurement_status="Not Available" restricted="false" source_system_identifier="1895294" tier="2" xsd_ver="2.5"/>
                <shared:tumor_tissue_site_other cde="2584114" display_order="6" owner="TSS" preferred_name="site_of_primary_tumor_other" procurement_status="Not Applicable" restricted="false" tier="1" xsd_ver="2.6" xsi:nil="true"/>
            </skcm:site>
        </skcm:sites_of_primary_melanomas>
        <skcm:breslow_depth_value cde="2593055" display_order="33" owner="TSS" preferred_name="breslow_thickness_at_diagnosis" procurement_status="Completed" restricted="false" source_system_identifier="1895296" tier="2" xsd_ver="2.5">3</skcm:breslow_depth_value>
        <skcm:melanoma_clark_level_value cde="2593051" display_order="34" owner="TSS" preferred_name="clark_level_at_diagnosis" procurement_status="Completed" restricted="false" source_system_identifier="1895297" tier="2" xsd_ver="2.5">III</skcm:melanoma_clark_level_value>
        <skcm:melanoma_ulceration_indicator cde="3108478" display_order="35" owner="TSS" preferred_name="primary_melanoma_tumor_ulceration" procurement_status="Completed" restricted="false" source_system_identifier="1895298" tier="2" xsd_ver="2.4">YES</skcm:melanoma_ulceration_indicator>
        <skcm:malignant_neoplasm_mitotic_count_rate cde="3119292" display_order="36" owner="TSS" preferred_name="primary_melanoma_mitotic_rate" procurement_status="Completed" restricted="false" source_system_identifier="1895299" tier="2" xsd_ver="2.5">9</skcm:malignant_neoplasm_mitotic_count_rate>
        <shared:days_to_initial_pathologic_diagnosis cde="" owner="TSS" precision="day" procurement_status="Completed" tier="1" xsd_ver="1.16">0</shared:days_to_initial_pathologic_diagnosis>
        <shared:age_at_initial_pathologic_diagnosis cde="" owner="TSS" procurement_status="Completed" tier="1" xsd_ver="1.16">43</shared:age_at_initial_pathologic_diagnosis>
        <shared:year_of_initial_pathologic_diagnosis cde="2896960" display_order="40" owner="TSS" preferred_name="initial_pathologic_dx_year" procurement_status="Completed" restricted="true" source_system_identifier="1895303" tier="1" xsd_ver="1.12">2009</shared:year_of_initial_pathologic_diagnosis>
        <shared_stage:stage_event system="AJCC">
            <shared_stage:system_version cde="2722309" display_order="42" owner="TSS" preferred_name="ajcc_staging_edition" procurement_status="Completed" restricted="false" source_system_identifier="1895305" tier="1" xsd_ver="2.6">6th</shared_stage:system_version>
            <shared_stage:clinical_stage cde="3440332" display_order="9999" owner="TSS" preferred_name="" procurement_status="Not Applicable" restricted="false" tier="2" xsd_ver="2.6"/>
            <shared_stage:pathologic_stage cde="3203222" display_order="47" owner="TSS" preferred_name="ajcc_pathologic_tumor_stage" procurement_status="Completed" restricted="false" source_system_identifier="1895310" tier="1" xsd_ver="2.6">Stage IIIC</shared_stage:pathologic_stage>
            <shared_stage:tnm_categories>
                <shared_stage:clinical_categories>
                    <shared_stage:clinical_T cde="3440328" display_order="9999" owner="TSS" preferred_name="" procurement_status="Not Applicable" restricted="false" tier="2" xsd_ver="2.6"/>
                    <shared_stage:clinical_N cde="3440330" display_order="9999" owner="TSS" preferred_name="" procurement_status="Not Applicable" restricted="false" tier="2" xsd_ver="2.6"/>
                    <shared_stage:clinical_M cde="3440331" display_order="9999" owner="TSS" preferred_name="" procurement_status="Not Applicable" restricted="false" tier="2" xsd_ver="2.6"/>
                </shared_stage:clinical_categories>
                <shared_stage:pathologic_categories>
                    <shared_stage:pathologic_T cde="3045435" display_order="43" owner="TSS" preferred_name="ajcc_tumor_pathologic_pT" procurement_status="Completed" restricted="false" source_system_identifier="1895306" tier="1" xsd_ver="2.6">T3b</shared_stage:pathologic_T>
                    <shared_stage:pathologic_N cde="3203106" display_order="44" owner="TSS" preferred_name="ajcc_nodes_pathologic_pN" procurement_status="Completed" restricted="false" source_system_identifier="1895307" tier="1" xsd_ver="2.6">N3</shared_stage:pathologic_N>
                    <shared_stage:pathologic_M cde="3045439" display_order="45" owner="TSS" preferred_name="ajcc_metastasis_pathologic_pM" procurement_status="Completed" restricted="false" source_system_identifier="1895308" tier="1" xsd_ver="2.6">M0</shared_stage:pathologic_M>
                </shared_stage:pathologic_categories>
            </shared_stage:tnm_categories>
            <shared_stage:psa>
                <shared_stage:psa_value cde="3351903" display_order="9999" owner="TSS" preferred_name="" procurement_status="Not Applicable" restricted="false" tier="2" xsd_ver="2.6"/>
                <shared_stage:days_to_psa cde="" owner="TSS" procurement_status="Not Applicable" tier="2" xsd_ver="2.6"/>
            </shared_stage:psa>
            <shared_stage:gleason_grading>
                <shared_stage:gleason_score cde="2534619" display_order="9999" owner="TSS" preferred_name="" procurement_status="Not Applicable" restricted="false" tier="2" xsd_ver="2.6"/>
                <shared_stage:primary_pattern cde="2534617" display_order="9999" owner="TSS" preferred_name="" procurement_status="Not Applicable" restricted="false" tier="2" xsd_ver="2.6"/>
                <shared_stage:secondary_pattern cde="2534618" display_order="9999" owner="TSS" preferred_name="" procurement_status="Not Applicable" restricted="false" tier="2" xsd_ver="2.6"/>
                <shared_stage:tertiary_pattern cde="2783875" display_order="9999" owner="TSS" preferred_name="" procurement_status="Not Applicable" restricted="false" tier="2" xsd_ver="2.6"/>
            </shared_stage:gleason_grading>
            <shared_stage:ann_arbor>
                <shared_stage:b_symptoms cde="2902402" display_order="9999" owner="TSS" preferred_name="" procurement_status="Not Applicable" restricted="false" tier="2" xsd_ver="2.6"/>
                <shared_stage:extranodal_involvement cde="3364582" display_order="9999" owner="TSS" preferred_name="" procurement_status="Not Applicable" restricted="false" tier="2" xsd_ver="2.6"/>
            </shared_stage:ann_arbor>
        </shared_stage:stage_event>
        <shared:lactate_dehydrogenase_result cde="3113468" display_order="46" owner="TSS" preferred_name="ldh_level" procurement_status="Not Available" restricted="false" source_system_identifier="1895309" tier="2" xsd_ver="2.4"/>
        <skcm_shared:days_to_submitted_specimen_dx cde="" owner="TSS" precision="day" procurement_status="Completed" tier="1" xsd_ver="1.16">567</skcm_shared:days_to_submitted_specimen_dx>
        <shared:tumor_tissue_site cde="3427536" display_order="52" owner="TSS" preferred_name="submitted_tumor_site" procurement_status="Completed" restricted="false" source_system_identifier="1895315" tier="1" xsd_ver="2.6">Regional Lymph Node</shared:tumor_tissue_site>
        <skcm_shared:distant_metastasis_anatomic_site cde="2961431" display_order="53" owner="TSS" preferred_name="metastatic_tumor_site" procurement_status="Not Available" restricted="false" source_system_identifier="1895316" tier="1" xsd_ver="2.5"/>
        <skcm:melanoma_origin_skin_anatomic_site cde="3108474" display_order="54" owner="TSS" preferred_name="primary_melanoma_skin_type" procurement_status="Completed" restricted="false" source_system_identifier="1895317" tier="1" xsd_ver="2.5">Non-glabrous skin</skcm:melanoma_origin_skin_anatomic_site>
        <skcm:prior_systemic_therapy_types>
            <skcm:prior_systemic_therapy_type cde="3119700" display_order="57" owner="TSS" preferred_name="history_neoadjuvant_tx_type" procurement_status="Completed" restricted="false" source_system_identifier="1895320" tier="1" xsd_ver="2.4">Immunotherapy/Vaccine</skcm:prior_systemic_therapy_type>
        </skcm:prior_systemic_therapy_types>
        <skcm:interferon_90_day_prior_excision_admin_indicator cde="3162803" display_order="58" owner="TSS" preferred_name="ifn_tx_90_days_prior_to_resection" procurement_status="Completed" restricted="false" source_system_identifier="1895321" tier="1" xsd_ver="2.4">YES</skcm:interferon_90_day_prior_excision_admin_indicator>
        <shared:radiation_therapy cde="2005312" display_order="59" owner="TSS" preferred_name="radiation_treatment_adjuvant" procurement_status="Completed" restricted="false" source_system_identifier="1895300" tier="1" xsd_ver="1.9">NO</shared:radiation_therapy>
        <shared:postoperative_rx_tx cde="3397567" display_order="60" owner="TSS" preferred_name="pharmaceutical_tx_adjuvant" procurement_status="Completed" restricted="false" source_system_identifier="1895323" tier="1" xsd_ver="2.5">YES</shared:postoperative_rx_tx>
        <skcm_nte:new_tumor_events>
            <nte:new_tumor_event_after_initial_treatment cde="3121376" display_order="61" owner="TSS" preferred_name="new_tumor_event_dx_indicator" procurement_status="Completed" restricted="false" source_system_identifier="1895348" tier="1" xsd_ver="2.5">YES</nte:new_tumor_event_after_initial_treatment>
            <skcm_shared:new_tumor_dx_prior_submitted_specimen_dx cde="3427563" display_order="62" owner="TSS" preferred_name="new_tumor_event_prior_to_bcr_tumor" procurement_status="Completed" restricted="false" source_system_identifier="1895349" tier="2" xsd_ver="2.5">NO</skcm_shared:new_tumor_dx_prior_submitted_specimen_dx>
            <skcm_nte:new_tumor_event>
                <nte:days_to_new_tumor_event_after_initial_treatment cde="" owner="TSS" precision="month" procurement_status="Completed" tier="1" xsd_ver="2.2">760</nte:days_to_new_tumor_event_after_initial_treatment>
                <nte:new_tumor_event_additional_surgery_procedure cde="3427611" display_order="67" owner="TSS" preferred_name="new_tumor_event_surgery" procurement_status="Completed" restricted="false" source_system_identifier="1895354" tier="2" xsd_ver="2.5">NO</nte:new_tumor_event_additional_surgery_procedure>
                <nte:days_to_new_tumor_event_additional_surgery_procedure cde="" owner="TSS" procurement_status="Not Available" tier="2" xsd_ver="2.5"/>
                <nte:additional_radiation_therapy cde="3427615" display_order="72" owner="TSS" preferred_name="new_tumor_event_radiation_tx" procurement_status="Completed" restricted="false" source_system_identifier="1895359" tier="2" xsd_ver="2.5">NO</nte:additional_radiation_therapy>
                <nte:additional_pharmaceutical_therapy cde="3427616" display_order="73" owner="TSS" preferred_name="new_tumor_event_pharmaceutical_tx" procurement_status="Completed" restricted="false" source_system_identifier="1895360" tier="2" xsd_ver="2.5">YES</nte:additional_pharmaceutical_therapy>
                <nte:new_neoplasm_event_type cde="3119721" display_order="74" owner="TSS" preferred_name="new_tumor_event_type" procurement_status="Completed" restricted="false" source_system_identifier="1895361" tier="2" xsd_ver="2.5">Distant Metastasis</nte:new_neoplasm_event_type>
                <skcm_shared:new_tumor_metastasis_anatomic_site cde="3430936" display_order="75" owner="TSS" preferred_name="new_tumor_event_met_site" procurement_status="Completed" restricted="false" source_system_identifier="1895362" tier="2" xsd_ver="2.5">Other, Specify</skcm_shared:new_tumor_metastasis_anatomic_site>
                <skcm_shared:new_tumor_metastasis_anatomic_site_other_text cde="3427578" display_order="76" owner="TSS" preferred_name="new_tumor_event_met_site_other" procurement_status="Completed" restricted="false" source_system_identifier="1895363" tier="2" xsd_ver="2.5">Right Deltoid</skcm_shared:new_tumor_metastasis_anatomic_site_other_text>
                <skcm_shared:new_primary_melanoma_anatomic_site cde="3430941" display_order="77" owner="TSS" preferred_name="new_tumor_event_melanoma_location" procurement_status="Not Available" restricted="false" source_system_identifier="1895364" tier="2" xsd_ver="2.5"/>
                <skcm_shared:primary_anatomic_site_count cde="3427609" display_order="78" owner="TSS" preferred_name="new_tumor_event_melanoma_count" procurement_status="Not Available" restricted="false" source_system_identifier="1895365" tier="2" xsd_ver="2.5"/>
                <skcm_shared:new_primary_melanoma_anatomic_site_other_text cde="3427598" display_order="79" owner="TSS" preferred_name="new_tumor_event_melanoma_site" procurement_status="Not Applicable" restricted="false" source_system_identifier="1895366" tier="2" xsd_ver="2.5" xsi:nil="true"/>
                <skcm_shared:new_non_melanoma_event_histologic_type_text cde="342.6.1" display_order="9999" owner="TSS" preferred_name="" procurement_status="Not Available" restricted="false" source_system_identifier="1895367" tier="2" xsd_ver="2.5"/>
                <nte:new_neoplasm_event_occurrence_anatomic_site cde="3108271" display_order="81" owner="TSS" preferred_name="new_tumor_event_site" procurement_status="Not Available" restricted="false" source_system_identifier="1895368" tier="2" xsd_ver="2.5"/>
            </skcm_nte:new_tumor_event>
            <skcm_nte:new_tumor_event>
                <nte:days_to_new_tumor_event_after_initial_treatment cde="" owner="TSS" precision="month" procurement_status="Completed" tier="1" xsd_ver="2.2">760</nte:days_to_new_tumor_event_after_initial_treatment>
                <nte:new_tumor_event_additional_surgery_procedure cde="3427611" display_order="67" owner="TSS" preferred_name="new_tumor_event_surgery" procurement_status="Completed" restricted="false" source_system_identifier="1895373" tier="2" xsd_ver="2.5">NO</nte:new_tumor_event_additional_surgery_procedure>
                <nte:days_to_new_tumor_event_additional_surgery_procedure cde="" owner="TSS" procurement_status="Not Available" tier="2" xsd_ver="2.5"/>
                <nte:additional_radiation_therapy cde="3427615" display_order="72" owner="TSS" preferred_name="new_tumor_event_radiation_tx" procurement_status="Completed" restricted="false" source_system_identifier="1895378" tier="2" xsd_ver="2.5">NO</nte:additional_radiation_therapy>
                <nte:additional_pharmaceutical_therapy cde="3427616" display_order="73" owner="TSS" preferred_name="new_tumor_event_pharmaceutical_tx" procurement_status="Completed" restricted="false" source_system_identifier="1895379" tier="2" xsd_ver="2.5">YES</nte:additional_pharmaceutical_therapy>
                <nte:new_neoplasm_event_type cde="3119721" display_order="74" owner="TSS" preferred_name="new_tumor_event_type" procurement_status="Completed" restricted="false" source_system_identifier="1895380" tier="2" xsd_ver="2.5">Distant Metastasis</nte:new_neoplasm_event_type>
                <skcm_shared:new_tumor_metastasis_anatomic_site cde="3430936" display_order="75" owner="TSS" preferred_name="new_tumor_event_met_site" procurement_status="Completed" restricted="false" source_system_identifier="1895381" tier="2" xsd_ver="2.5">Other, Specify</skcm_shared:new_tumor_metastasis_anatomic_site>
                <skcm_shared:new_tumor_metastasis_anatomic_site_other_text cde="3427578" display_order="76" owner="TSS" preferred_name="new_tumor_event_met_site_other" procurement_status="Completed" restricted="false" source_system_identifier="1895382" tier="2" xsd_ver="2.5">Right chest wall</skcm_shared:new_tumor_metastasis_anatomic_site_other_text>
                <skcm_shared:new_primary_melanoma_anatomic_site cde="3430941" display_order="77" owner="TSS" preferred_name="new_tumor_event_melanoma_location" procurement_status="Not Available" restricted="false" source_system_identifier="1895383" tier="2" xsd_ver="2.5"/>
                <skcm_shared:primary_anatomic_site_count cde="3427609" display_order="78" owner="TSS" preferred_name="new_tumor_event_melanoma_count" procurement_status="Not Available" restricted="false" source_system_identifier="1895384" tier="2" xsd_ver="2.5"/>
                <skcm_shared:new_primary_melanoma_anatomic_site_other_text cde="3427598" display_order="79" owner="TSS" preferred_name="new_tumor_event_melanoma_site" procurement_status="Not Applicable" restricted="false" source_system_identifier="1895385" tier="2" xsd_ver="2.5" xsi:nil="true"/>
                <skcm_shared:new_non_melanoma_event_histologic_type_text cde="342.6.1" display_order="9999" owner="TSS" preferred_name="" procurement_status="Not Available" restricted="false" source_system_identifier="1895386" tier="2" xsd_ver="2.5"/>
                <nte:new_neoplasm_event_occurrence_anatomic_site cde="3108271" display_order="81" owner="TSS" preferred_name="new_tumor_event_site" procurement_status="Not Available" restricted="false" source_system_identifier="1895387" tier="2" xsd_ver="2.5"/>
            </skcm_nte:new_tumor_event>
            <skcm_nte:new_tumor_event>
                <nte:days_to_new_tumor_event_after_initial_treatment cde="" owner="TSS" precision="month" procurement_status="Completed" tier="1" xsd_ver="2.2">760</nte:days_to_new_tumor_event_after_initial_treatment>
                <nte:new_tumor_event_additional_surgery_procedure cde="3427611" display_order="67" owner="TSS" preferred_name="new_tumor_event_surgery" procurement_status="Completed" restricted="false" source_system_identifier="1895392" tier="2" xsd_ver="2.5">NO</nte:new_tumor_event_additional_surgery_procedure>
                <nte:days_to_new_tumor_event_additional_surgery_procedure cde="" owner="TSS" procurement_status="Not Available" tier="2" xsd_ver="2.5"/>
                <nte:additional_radiation_therapy cde="3427615" display_order="72" owner="TSS" preferred_name="new_tumor_event_radiation_tx" procurement_status="Completed" restricted="false" source_system_identifier="1895397" tier="2" xsd_ver="2.5">NO</nte:additional_radiation_therapy>
                <nte:additional_pharmaceutical_therapy cde="3427616" display_order="73" owner="TSS" preferred_name="new_tumor_event_pharmaceutical_tx" procurement_status="Completed" restricted="false" source_system_identifier="1895398" tier="2" xsd_ver="2.5">YES</nte:additional_pharmaceutical_therapy>
                <nte:new_neoplasm_event_type cde="3119721" display_order="74" owner="TSS" preferred_name="new_tumor_event_type" procurement_status="Completed" restricted="false" source_system_identifier="1895399" tier="2" xsd_ver="2.5">Distant Metastasis</nte:new_neoplasm_event_type>
                <skcm_shared:new_tumor_metastasis_anatomic_site cde="3430936" display_order="75" owner="TSS" preferred_name="new_tumor_event_met_site" procurement_status="Completed" restricted="false" source_system_identifier="1895400" tier="2" xsd_ver="2.5">Other, Specify</skcm_shared:new_tumor_metastasis_anatomic_site>
                <skcm_shared:new_tumor_metastasis_anatomic_site_other_text cde="3427578" display_order="76" owner="TSS" preferred_name="new_tumor_event_met_site_other" procurement_status="Completed" restricted="false" source_system_identifier="1895401" tier="2" xsd_ver="2.5">Right Anterior Pleura</skcm_shared:new_tumor_metastasis_anatomic_site_other_text>
                <skcm_shared:new_primary_melanoma_anatomic_site cde="3430941" display_order="77" owner="TSS" preferred_name="new_tumor_event_melanoma_location" procurement_status="Not Available" restricted="false" source_system_identifier="1895402" tier="2" xsd_ver="2.5"/>
                <skcm_shared:primary_anatomic_site_count cde="3427609" display_order="78" owner="TSS" preferred_name="new_tumor_event_melanoma_count" procurement_status="Not Available" restricted="false" source_system_identifier="1895403" tier="2" xsd_ver="2.5"/>
                <skcm_shared:new_primary_melanoma_anatomic_site_other_text cde="3427598" display_order="79" owner="TSS" preferred_name="new_tumor_event_melanoma_site" procurement_status="Not Applicable" restricted="false" source_system_identifier="1895404" tier="2" xsd_ver="2.5" xsi:nil="true"/>
                <skcm_shared:new_non_melanoma_event_histologic_type_text cde="342.6.1" display_order="9999" owner="TSS" preferred_name="" procurement_status="Not Available" restricted="false" source_system_identifier="1895405" tier="2" xsd_ver="2.5"/>
                <nte:new_neoplasm_event_occurrence_anatomic_site cde="3108271" display_order="81" owner="TSS" preferred_name="new_tumor_event_site" procurement_status="Not Available" restricted="false" source_system_identifier="1895406" tier="2" xsd_ver="2.5"/>
            </skcm_nte:new_tumor_event>
            <skcm_nte:new_tumor_event>
                <nte:days_to_new_tumor_event_after_initial_treatment cde="" owner="TSS" precision="month" procurement_status="Completed" tier="1" xsd_ver="2.2">760</nte:days_to_new_tumor_event_after_initial_treatment>
                <nte:new_tumor_event_additional_surgery_procedure cde="3427611" display_order="67" owner="TSS" preferred_name="new_tumor_event_surgery" procurement_status="Completed" restricted="false" source_system_identifier="1895411" tier="2" xsd_ver="2.5">NO</nte:new_tumor_event_additional_surgery_procedure>
                <nte:days_to_new_tumor_event_additional_surgery_procedure cde="" owner="TSS" procurement_status="Not Available" tier="2" xsd_ver="2.5"/>
                <nte:additional_radiation_therapy cde="3427615" display_order="72" owner="TSS" preferred_name="new_tumor_event_radiation_tx" procurement_status="Completed" restricted="false" source_system_identifier="1895416" tier="2" xsd_ver="2.5">NO</nte:additional_radiation_therapy>
                <nte:additional_pharmaceutical_therapy cde="3427616" display_order="73" owner="TSS" preferred_name="new_tumor_event_pharmaceutical_tx" procurement_status="Completed" restricted="false" source_system_identifier="1895417" tier="2" xsd_ver="2.5">YES</nte:additional_pharmaceutical_therapy>
                <nte:new_neoplasm_event_type cde="3119721" display_order="74" owner="TSS" preferred_name="new_tumor_event_type" procurement_status="Completed" restricted="false" source_system_identifier="1895418" tier="2" xsd_ver="2.5">Distant Metastasis</nte:new_neoplasm_event_type>
                <skcm_shared:new_tumor_metastasis_anatomic_site cde="3430936" display_order="75" owner="TSS" preferred_name="new_tumor_event_met_site" procurement_status="Completed" restricted="false" source_system_identifier="1895419" tier="2" xsd_ver="2.5">Other, Specify</skcm_shared:new_tumor_metastasis_anatomic_site>
                <skcm_shared:new_tumor_metastasis_anatomic_site_other_text cde="3427578" display_order="76" owner="TSS" preferred_name="new_tumor_event_met_site_other" procurement_status="Completed" restricted="false" source_system_identifier="1895420" tier="2" xsd_ver="2.5">Mesentric lymphnode</skcm_shared:new_tumor_metastasis_anatomic_site_other_text>
                <skcm_shared:new_primary_melanoma_anatomic_site cde="3430941" display_order="77" owner="TSS" preferred_name="new_tumor_event_melanoma_location" procurement_status="Not Available" restricted="false" source_system_identifier="1895421" tier="2" xsd_ver="2.5"/>
                <skcm_shared:primary_anatomic_site_count cde="3427609" display_order="78" owner="TSS" preferred_name="new_tumor_event_melanoma_count" procurement_status="Not Available" restricted="false" source_system_identifier="1895422" tier="2" xsd_ver="2.5"/>
                <skcm_shared:new_primary_melanoma_anatomic_site_other_text cde="3427598" display_order="79" owner="TSS" preferred_name="new_tumor_event_melanoma_site" procurement_status="Not Applicable" restricted="false" source_system_identifier="1895423" tier="2" xsd_ver="2.5" xsi:nil="true"/>
                <skcm_shared:new_non_melanoma_event_histologic_type_text cde="342.6.1" display_order="9999" owner="TSS" preferred_name="" procurement_status="Not Available" restricted="false" source_system_identifier="1895424" tier="2" xsd_ver="2.5"/>
                <nte:new_neoplasm_event_occurrence_anatomic_site cde="3108271" display_order="81" owner="TSS" preferred_name="new_tumor_event_site" procurement_status="Not Available" restricted="false" source_system_identifier="1895425" tier="2" xsd_ver="2.5"/>
            </skcm_nte:new_tumor_event>
        </skcm_nte:new_tumor_events>
        <shared:day_of_form_completion cde="2975716" display_order="999" owner="TSS" preferred_name="form_completion_day" procurement_status="Completed" restricted="true" tier="2" xsd_ver="2.2">1</shared:day_of_form_completion>
        <shared:month_of_form_completion cde="2975718" display_order="999" owner="TSS" preferred_name="form_completion_month" procurement_status="Completed" restricted="true" tier="2" xsd_ver="2.2">5</shared:month_of_form_completion>
        <shared:year_of_form_completion cde="2975720" display_order="999" owner="TSS" preferred_name="form_completion_year" procurement_status="Completed" restricted="true" tier="2" xsd_ver="2.2">2012</shared:year_of_form_completion>
        <skcm:follow_ups/>
        <rx:drugs>
            <rx:drug>
                <rx:tx_on_clinical_trial cde="2503808" display_order="4" owner="TSS" preferred_name="clinical_trial_indicator" procurement_status="Not Available" restricted="false" tier="2" xsd_ver="2.5"/>
                <rx:regimen_number cde="2673845" display_order="999" owner="TSS" preferred_name="regimen_number" procurement_status="Completed" restricted="false" source_system_identifier="1895475" tier="2" xsd_ver="2.1">08-144</rx:regimen_number>
                <rx:bcr_drug_barcode owner="TSS" procurement_status="Completed" restricted="false" xsd_ver="1.15">TCGA-ER-A2NG-D31362</rx:bcr_drug_barcode>
                <rx:bcr_drug_uuid cde="" display_order="9999" owner="TSS" preferred_name="" procurement_status="Completed" restricted="false" xsd_ver="2.3">9D7C3E9C-BA8F-478D-8A27-BA1D14E0BD75</rx:bcr_drug_uuid>
                <rx:total_dose cde="1515" display_order="999" owner="TSS" preferred_name="total_dose" procurement_status="Not Available" restricted="false" source_system_identifier="1895484" tier="2" xsd_ver="2.1"/>
                <rx:total_dose_units cde="3088785" display_order="999" owner="TSS" preferred_name="pharmaceutical_tx_total_dose_units" procurement_status="Not Available" restricted="false" source_system_identifier="1895485" tier="2" xsd_ver="2.1"/>
                <rx:prescribed_dose cde="2184728" display_order="999" owner="TSS" preferred_name="prescribed_dose" procurement_status="Not Available" restricted="false" source_system_identifier="1895482" tier="2" xsd_ver="2.1"/>
                <rx:prescribed_dose_units cde="3065815" display_order="999" owner="TSS" preferred_name="pharmaceutical_tx_prescribed_dose" procurement_status="Not Available" restricted="false" source_system_identifier="1895483" tier="2" xsd_ver="2.1"/>
                <rx:number_cycles cde="62590" display_order="999" owner="TSS" preferred_name="pharma_adjuvant_cycles_count" procurement_status="Completed" restricted="false" source_system_identifier="1895481" tier="2" xsd_ver="1.8">4</rx:number_cycles>
                <rx:days_to_drug_therapy_start cde="" owner="TSS" precision="day" procurement_status="Completed" tier="2" xsd_ver="1.16">578</rx:days_to_drug_therapy_start>
                <rx:days_to_drug_therapy_end cde="" owner="TSS" precision="day" procurement_status="Completed" tier="2" xsd_ver="1.16">609</rx:days_to_drug_therapy_end>
                <rx:therapy_types>
                    <rx:therapy_type cde="2793530" display_order="7" owner="TSS" preferred_name="pharmaceutical_therapy_type" procurement_status="Completed" restricted="false" source_system_identifier="1895478" tier="2" xsd_ver="2.1">Immunotherapy</rx:therapy_type>
                    <rx:therapy_type_notes cde="2001762" display_order="999" owner="TSS" preferred_name="pharma_type_other" procurement_status="Not Available" restricted="false" source_system_identifier="1895479" tier="2" xsd_ver="2.1"/>
                </rx:therapy_types>
                <rx:drug_name cde="2975232" display_order="5" owner="TSS" preferred_name="pharmaceutical_therapy_drug_name" procurement_status="Completed" restricted="false" source_system_identifier="1895480" tier="2" xsd_ver="1.10">Ipilimumab</rx:drug_name>
                <rx:clinical_trail_drug_classification cde="3378323" display_order="6" owner="TSS" preferred_name="clinical_trial_drug_classification" procurement_status="Not Available" restricted="false" tier="2" xsd_ver="2.5"/>
                <shared:regimen_indication cde="2793511" display_order="999" owner="TSS" preferred_name="pharmaceutical_therapy_regimen" procurement_status="Completed" restricted="false" source_system_identifier="1895476" tier="2" xsd_ver="1.12">PROGRESSION</shared:regimen_indication>
                <shared:regimen_indication_notes cde="2793516" display_order="999" owner="TSS" preferred_name="pharmaceutical_therapy_regimen_other" procurement_status="Not Applicable" restricted="false" source_system_identifier="1895477" tier="2" xsd_ver="1.12"/>
                <rx:route_of_administrations>
                    <rx:route_of_administration cde="2003586" display_order="999" owner="TSS" preferred_name="route_of_administration" procurement_status="Completed" restricted="false" source_system_identifier="1895486" tier="2" xsd_ver="2.3">Intravenous (IV)</rx:route_of_administration>
                </rx:route_of_administrations>
                <rx:therapy_ongoing cde="3103479" display_order="12" owner="TSS" preferred_name="pharmaceutical_tx_ongoing_indicator" procurement_status="Completed" restricted="false" source_system_identifier="1895490" tier="2" xsd_ver="2.2">NO</rx:therapy_ongoing>
                <shared:measure_of_response cde="2857291" display_order="17" owner="TSS" preferred_name="treatment_best_response" procurement_status="Not Available" restricted="false" tier="2" xsd_ver="2.5"/>
                <shared:day_of_form_completion cde="2975716" display_order="999" owner="TSS" preferred_name="form_completion_day" procurement_status="Completed" restricted="true" source_system_identifier="1895468" tier="2" xsd_ver="2.2">1</shared:day_of_form_completion>
                <shared:month_of_form_completion cde="2975718" display_order="999" owner="TSS" preferred_name="form_completion_month" procurement_status="Completed" restricted="true" source_system_identifier="1895467" tier="2" xsd_ver="2.2">5</shared:month_of_form_completion>
                <shared:year_of_form_completion cde="2975720" display_order="999" owner="TSS" preferred_name="form_completion_year" procurement_status="Completed" restricted="true" source_system_identifier="1895469" tier="2" xsd_ver="2.2">2012</shared:year_of_form_completion>
            </rx:drug>
            <rx:drug>
                <rx:tx_on_clinical_trial cde="2503808" display_order="4" owner="TSS" preferred_name="clinical_trial_indicator" procurement_status="Not Available" restricted="false" tier="2" xsd_ver="2.5"/>
                <rx:regimen_number cde="2673845" display_order="999" owner="TSS" preferred_name="regimen_number" procurement_status="Completed" restricted="false" source_system_identifier="1895518" tier="2" xsd_ver="2.1">10-095</rx:regimen_number>
                <rx:bcr_drug_barcode owner="TSS" procurement_status="Completed" restricted="false" xsd_ver="1.15">TCGA-ER-A2NG-D31364</rx:bcr_drug_barcode>
                <rx:bcr_drug_uuid cde="" display_order="9999" owner="TSS" preferred_name="" procurement_status="Completed" restricted="false" xsd_ver="2.3">153DB23C-8C39-422B-B68D-CB1FCC1BFFDA</rx:bcr_drug_uuid>
                <rx:total_dose cde="1515" display_order="999" owner="TSS" preferred_name="total_dose" procurement_status="Not Available" restricted="false" source_system_identifier="1895527" tier="2" xsd_ver="2.1"/>
                <rx:total_dose_units cde="3088785" display_order="999" owner="TSS" preferred_name="pharmaceutical_tx_total_dose_units" procurement_status="Not Available" restricted="false" source_system_identifier="1895528" tier="2" xsd_ver="2.1"/>
                <rx:prescribed_dose cde="2184728" display_order="999" owner="TSS" preferred_name="prescribed_dose" procurement_status="Not Available" restricted="false" source_system_identifier="1895525" tier="2" xsd_ver="2.1"/>
                <rx:prescribed_dose_units cde="3065815" display_order="999" owner="TSS" preferred_name="pharmaceutical_tx_prescribed_dose" procurement_status="Not Available" restricted="false" source_system_identifier="1895526" tier="2" xsd_ver="2.1"/>
                <rx:number_cycles cde="62590" display_order="999" owner="TSS" preferred_name="pharma_adjuvant_cycles_count" procurement_status="Completed" restricted="false" source_system_identifier="1895524" tier="2" xsd_ver="1.8">2</rx:number_cycles>
                <rx:days_to_drug_therapy_start cde="" owner="TSS" precision="month" procurement_status="Completed" tier="2" xsd_ver="1.16">699</rx:days_to_drug_therapy_start>
                <rx:days_to_drug_therapy_end cde="" owner="TSS" precision="month" procurement_status="Completed" tier="2" xsd_ver="1.16">760</rx:days_to_drug_therapy_end>
                <rx:therapy_types>
                    <rx:therapy_type cde="2793530" display_order="7" owner="TSS" preferred_name="pharmaceutical_therapy_type" procurement_status="Completed" restricted="false" source_system_identifier="1895521" tier="2" xsd_ver="2.1">Immunotherapy</rx:therapy_type>
                    <rx:therapy_type_notes cde="2001762" display_order="999" owner="TSS" preferred_name="pharma_type_other" procurement_status="Not Available" restricted="false" source_system_identifier="1895522" tier="2" xsd_ver="2.1"/>
                </rx:therapy_types>
                <rx:drug_name cde="2975232" display_order="5" owner="TSS" preferred_name="pharmaceutical_therapy_drug_name" procurement_status="Completed" restricted="false" source_system_identifier="1895523" tier="2" xsd_ver="1.10">IL-2</rx:drug_name>
                <rx:clinical_trail_drug_classification cde="3378323" display_order="6" owner="TSS" preferred_name="clinical_trial_drug_classification" procurement_status="Not Available" restricted="false" tier="2" xsd_ver="2.5"/>
                <shared:regimen_indication cde="2793511" display_order="999" owner="TSS" preferred_name="pharmaceutical_therapy_regimen" procurement_status="Completed" restricted="false" source_system_identifier="1895519" tier="2" xsd_ver="1.12">PROGRESSION</shared:regimen_indication>
                <shared:regimen_indication_notes cde="2793516" display_order="999" owner="TSS" preferred_name="pharmaceutical_therapy_regimen_other" procurement_status="Not Applicable" restricted="false" source_system_identifier="1895520" tier="2" xsd_ver="1.12"/>
                <rx:route_of_administrations>
                    <rx:route_of_administration cde="2003586" display_order="999" owner="TSS" preferred_name="route_of_administration" procurement_status="Not Available" restricted="false" source_system_identifier="1895529" tier="2" xsd_ver="2.3"/>
                </rx:route_of_administrations>
                <rx:therapy_ongoing cde="3103479" display_order="12" owner="TSS" preferred_name="pharmaceutical_tx_ongoing_indicator" procurement_status="Completed" restricted="false" source_system_identifier="1895533" tier="2" xsd_ver="2.2">NO</rx:therapy_ongoing>
                <shared:measure_of_response cde="2857291" display_order="17" owner="TSS" preferred_name="treatment_best_response" procurement_status="Not Available" restricted="false" tier="2" xsd_ver="2.5"/>
                <shared:day_of_form_completion cde="2975716" display_order="999" owner="TSS" preferred_name="form_completion_day" procurement_status="Completed" restricted="true" source_system_identifier="1895497" tier="2" xsd_ver="2.2">1</shared:day_of_form_completion>
                <shared:month_of_form_completion cde="2975718" display_order="999" owner="TSS" preferred_name="form_completion_month" procurement_status="Completed" restricted="true" source_system_identifier="1895496" tier="2" xsd_ver="2.2">5</shared:month_of_form_completion>
                <shared:year_of_form_completion cde="2975720" display_order="999" owner="TSS" preferred_name="form_completion_year" procurement_status="Completed" restricted="true" source_system_identifier="1895498" tier="2" xsd_ver="2.2">2012</shared:year_of_form_completion>
            </rx:drug>
            <rx:drug>
                <rx:tx_on_clinical_trial cde="2503808" display_order="4" owner="TSS" preferred_name="clinical_trial_indicator" procurement_status="Not Available" restricted="false" tier="2" xsd_ver="2.5"/>
                <rx:regimen_number cde="2673845" display_order="999" owner="TSS" preferred_name="regimen_number" procurement_status="Not Available" restricted="false" source_system_identifier="1895547" tier="2" xsd_ver="2.1"/>
                <rx:bcr_drug_barcode owner="TSS" procurement_status="Completed" restricted="false" xsd_ver="1.15">TCGA-ER-A2NG-D31365</rx:bcr_drug_barcode>
                <rx:bcr_drug_uuid cde="" display_order="9999" owner="TSS" preferred_name="" procurement_status="Completed" restricted="false" xsd_ver="2.3">AC54798F-04E6-49C4-9191-07BC7B0E9D91</rx:bcr_drug_uuid>
                <rx:total_dose cde="1515" display_order="999" owner="TSS" preferred_name="total_dose" procurement_status="Not Available" restricted="false" source_system_identifier="1895556" tier="2" xsd_ver="2.1"/>
                <rx:total_dose_units cde="3088785" display_order="999" owner="TSS" preferred_name="pharmaceutical_tx_total_dose_units" procurement_status="Not Available" restricted="false" source_system_identifier="1895557" tier="2" xsd_ver="2.1"/>
                <rx:prescribed_dose cde="2184728" display_order="999" owner="TSS" preferred_name="prescribed_dose" procurement_status="Completed" restricted="false" source_system_identifier="1895554" tier="2" xsd_ver="2.1">480</rx:prescribed_dose>
                <rx:prescribed_dose_units cde="3065815" display_order="999" owner="TSS" preferred_name="pharmaceutical_tx_prescribed_dose" procurement_status="Completed" restricted="false" source_system_identifier="1895555" tier="2" xsd_ver="2.1">mg</rx:prescribed_dose_units>
                <rx:number_cycles cde="62590" display_order="999" owner="TSS" preferred_name="pharma_adjuvant_cycles_count" procurement_status="Not Available" restricted="false" source_system_identifier="1895553" tier="2" xsd_ver="1.8"/>
                <rx:days_to_drug_therapy_start cde="" owner="TSS" precision="month" procurement_status="Completed" tier="2" xsd_ver="1.16">883</rx:days_to_drug_therapy_start>
                <rx:days_to_drug_therapy_end cde="" owner="TSS" procurement_status="Not Available" tier="2" xsd_ver="1.16"/>
                <rx:therapy_types>
                    <rx:therapy_type cde="2793530" display_order="7" owner="TSS" preferred_name="pharmaceutical_therapy_type" procurement_status="Completed" restricted="false" source_system_identifier="1895550" tier="2" xsd_ver="2.1">Chemotherapy</rx:therapy_type>
                    <rx:therapy_type_notes cde="2001762" display_order="999" owner="TSS" preferred_name="pharma_type_other" procurement_status="Not Available" restricted="false" source_system_identifier="1895551" tier="2" xsd_ver="2.1"/>
                </rx:therapy_types>
                <rx:drug_name cde="2975232" display_order="5" owner="TSS" preferred_name="pharmaceutical_therapy_drug_name" procurement_status="Completed" restricted="false" source_system_identifier="1895552" tier="2" xsd_ver="1.10">VEMURAFENIB</rx:drug_name>
                <rx:clinical_trail_drug_classification cde="3378323" display_order="6" owner="TSS" preferred_name="clinical_trial_drug_classification" procurement_status="Not Available" restricted="false" tier="2" xsd_ver="2.5"/>
                <shared:regimen_indication cde="2793511" display_order="999" owner="TSS" preferred_name="pharmaceutical_therapy_regimen" procurement_status="Completed" restricted="false" source_system_identifier="1895548" tier="2" xsd_ver="1.12">PROGRESSION</shared:regimen_indication>
                <shared:regimen_indication_notes cde="2793516" display_order="999" owner="TSS" preferred_name="pharmaceutical_therapy_regimen_other" procurement_status="Not Applicable" restricted="false" source_system_identifier="1895549" tier="2" xsd_ver="1.12"/>
                <rx:route_of_administrations>
                    <rx:route_of_administration cde="2003586" display_order="999" owner="TSS" preferred_name="route_of_administration" procurement_status="Not Available" restricted="false" source_system_identifier="1895558" tier="2" xsd_ver="2.3"/>
                </rx:route_of_administrations>
                <rx:therapy_ongoing cde="3103479" display_order="12" owner="TSS" preferred_name="pharmaceutical_tx_ongoing_indicator" procurement_status="Completed" restricted="false" source_system_identifier="1895562" tier="2" xsd_ver="2.2">YES</rx:therapy_ongoing>
                <shared:measure_of_response cde="2857291" display_order="17" owner="TSS" preferred_name="treatment_best_response" procurement_status="Not Available" restricted="false" tier="2" xsd_ver="2.5"/>
                <shared:day_of_form_completion cde="2975716" display_order="999" owner="TSS" preferred_name="form_completion_day" procurement_status="Completed" restricted="true" source_system_identifier="1895545" tier="2" xsd_ver="2.2">1</shared:day_of_form_completion>
                <shared:month_of_form_completion cde="2975718" display_order="999" owner="TSS" preferred_name="form_completion_month" procurement_status="Completed" restricted="true" source_system_identifier="1895544" tier="2" xsd_ver="2.2">5</shared:month_of_form_completion>
                <shared:year_of_form_completion cde="2975720" display_order="999" owner="TSS" preferred_name="form_completion_year" procurement_status="Completed" restricted="true" source_system_identifier="1895546" tier="2" xsd_ver="2.2">2012</shared:year_of_form_completion>
            </rx:drug>
        </rx:drugs>
        <rad:radiations/>
        <skcm:clinical_cqcf>
            <shared:anatomic_neoplasm_subdivision cde="3108203" display_order="9999" owner="TSS" preferred_name="" procurement_status="Not Available" restricted="false" tier="2" xsd_ver="2.6"/>
            <cqcf:consent_or_death_status cde="3288361" display_order="75" owner="TSS" preferred_name="patient_consent_status" procurement_status="Completed" restricted="false" tier="1" xsd_ver="2.5">Consented</cqcf:consent_or_death_status>
            <cqcf:days_to_consent cde="" owner="TSS" precision="day" procurement_status="Completed" tier="1" xsd_ver="2.5">670</cqcf:days_to_consent>
            <cqcf:diagnosis_subtype cde="2783887" display_order="9999" owner="TSS" preferred_name="" procurement_status="Not Available" restricted="false" tier="2" xsd_ver="2.5"/>
            <shared:prior_dx cde="3382736" display_order="15" owner="TSS" preferred_name="history_other_malignancy" procurement_status="Not Available" restricted="false" tier="1" xsd_ver="2.5"/>
            <shared:history_of_neoadjuvant_treatment cde="3382737" display_order="16" owner="TSS" preferred_name="history_neoadjuvant_treatment" procurement_status="Completed" restricted="false" tier="1" xsd_ver="2.4">No</shared:history_of_neoadjuvant_treatment>
            <cqcf:normal_tissue_anatomic_site cde="3081938" display_order="60" owner="TSS" preferred_name="normal_control_tissue_site" procurement_status="Not Available" restricted="false" tier="1" xsd_ver="2.5"/>
            <cqcf:normal_tissue_proximity cde="3088708" display_order="62" owner="TSS" preferred_name="normal_control_proximity_to_tumor" procurement_status="Not Available" restricted="false" tier="1" xsd_ver="2.5"/>
            <cqcf:tumor_focality cde="3174022" display_order="9999" owner="TSS" preferred_name="" procurement_status="Not Available" restricted="false" tier="2" xsd_ver="2.5"/>
            <cqcf:tumor_type cde="3288124" display_order="4" owner="TSS" preferred_name="tumor_sample_type" procurement_status="Completed" restricted="false" tier="1" xsd_ver="2.5">Metastatic</cqcf:tumor_type>
            <cqcf:other_diagnosis cde="3124492" display_order="9" owner="TSS" preferred_name="histologic_diagnosis_other" procurement_status="Not Available" restricted="false" tier="2" xsd_ver="2.5"/>
            <shared:histological_type cde="3081934" display_order="9999" owner="TSS" preferred_name="" procurement_status="Not Available" restricted="false" tier="2" xsd_ver="2.5"/>
            <cqcf:other_anatomic_site cde="3320289" display_order="9999" owner="TSS" preferred_name="" procurement_status="Not Available" restricted="false" tier="2" xsd_ver="2.5"/>
            <cqcf:country cde="3203072" display_order="13" owner="TSS" preferred_name="tumor_sample_procurement_country" procurement_status="Completed" restricted="false" tier="1" xsd_ver="2.5">United States</cqcf:country>
        </skcm:clinical_cqcf>
    </skcm:patient>
</skcm:tcga_bcr>