<?xml version="1.0" encoding="UTF-8"?><thca:tcga_bcr xmlns:thca="http://tcga.nci/bcr/xml/clinical/thca/2.6" xmlns:admin="http://tcga.nci/bcr/xml/administration/2.6" xmlns:cqcf="http://tcga.nci/bcr/xml/clinical/cqcf/2.6" xmlns:follow_up_v4.0="http://tcga.nci/bcr/xml/clinical/thca/followup/2.6/4.0" xmlns:nte="http://tcga.nci/bcr/xml/clinical/shared/new_tumor_event/2.6" xmlns:rad="http://tcga.nci/bcr/xml/clinical/radiation/2.6" xmlns:rx="http://tcga.nci/bcr/xml/clinical/pharmaceutical/2.6" xmlns:shared="http://tcga.nci/bcr/xml/clinical/shared/2.6" xmlns:shared_stage="http://tcga.nci/bcr/xml/clinical/shared/stage/2.6" xmlns:thca_nte="http://tcga.nci/bcr/xml/clinical/thca/shared/new_tumor_event/2.6/1.0" xmlns:thca_shared="http://tcga.nci/bcr/xml/clinical/thca/shared/2.6" xmlns:xsi="http://www.w3.org/2001/XMLSchema-instance" schemaVersion="2.6" xsi:schemaLocation="http://tcga.nci/bcr/xml/clinical/thca/2.6 http://tcga-data.nci.nih.gov/docs/xsd/BCR/tcga.nci/bcr/xml/clinical/thca/2.6/TCGA_BCR.THCA_Clinical.xsd">
    <admin:admin>
        <admin:bcr xsd_ver="1.17">Nationwide Children's Hospital</admin:bcr>
        <admin:batch_number xsd_ver="1.17">250.22.0</admin:batch_number>
        <admin:disease_code xsd_ver="2.6">THCA</admin:disease_code>
        <admin:day_of_dcc_upload xsd_ver="1.17">19</admin:day_of_dcc_upload>
        <admin:month_of_dcc_upload xsd_ver="1.17">12</admin:month_of_dcc_upload>
        <admin:year_of_dcc_upload xsd_ver="1.17">2013</admin:year_of_dcc_upload>
        <admin:patient_withdrawal>
            <admin:withdrawn>false</admin:withdrawn>
        </admin:patient_withdrawal>
    </admin:admin>
    <thca:patient>
        <shared:tissue_source_site cde="" owner="TSS" procurement_status="Completed" restricted="false" xsd_ver="2.4">DJ</shared:tissue_source_site>
        <shared:patient_id cde="" owner="TSS" procurement_status="Completed" restricted="false" xsd_ver="2.4">A3VM</shared:patient_id>
        <shared:bcr_patient_barcode cde="2673794" display_order="9999" owner="TSS" preferred_name="" procurement_status="Completed" restricted="false" xsd_ver="1.8">TCGA-DJ-A3VM</shared:bcr_patient_barcode>
        <shared:bcr_patient_uuid cde="" display_order="9999" owner="TSS" preferred_name="" procurement_status="Completed" restricted="false" xsd_ver="2.3">1EBD5834-56B8-498A-8F34-C0031FCFD856</shared:bcr_patient_uuid>
        <shared:informed_consent_verified cde="2714689" display_order="9999" owner="TSS" preferred_name="" procurement_status="Completed" restricted="false" tier="2" xsd_ver="2.4">YES</shared:informed_consent_verified>
        <shared:icd_o_3_site cde="3226281" display_order="9999" owner="TSS" preferred_name="" procurement_status="Completed" restricted="false" tier="2" xsd_ver="2.4">C73.9</shared:icd_o_3_site>
        <shared:icd_o_3_histology cde="3226275" display_order="9999" owner="TSS" preferred_name="" procurement_status="Completed" restricted="false" tier="2" xsd_ver="2.4">8340/3</shared:icd_o_3_histology>
        <shared:icd_10 cde="3226287" display_order="9999" owner="TSS" preferred_name="" procurement_status="Completed" restricted="false" tier="2" xsd_ver="2.4">C73</shared:icd_10>
        <shared:tissue_prospective_collection_indicator cde="3088492" display_order="4" owner="TSS" preferred_name="prospective_collection" procurement_status="Completed" restricted="false" source_system_identifier="2060481" tier="2" xsd_ver="2.3">NO</shared:tissue_prospective_collection_indicator>
        <shared:tissue_retrospective_collection_indicator cde="3088528" display_order="5" owner="TSS" preferred_name="retrospective_collection" procurement_status="Completed" restricted="false" source_system_identifier="2060482" tier="2" xsd_ver="2.3">YES</shared:tissue_retrospective_collection_indicator>
        <shared:days_to_birth cde="" owner="TSS" precision="day" procurement_status="Completed" tier="1" xsd_ver="1.16">-24896</shared:days_to_birth>
        <shared:gender cde="2200604" display_order="10" owner="TSS" preferred_name="gender" procurement_status="Completed" restricted="false" source_system_identifier="2060522" tier="1" xsd_ver="1.8">FEMALE</shared:gender>
        <shared:race cde="2192199" display_order="11" owner="TSS" preferred_name="race" procurement_status="Completed" restricted="false" source_system_identifier="2060523" tier="2" xsd_ver="1.8">WHITE</shared:race>
        <shared:ethnicity cde="2192217" display_order="12" owner="TSS" preferred_name="ethnicity" procurement_status="Completed" restricted="false" source_system_identifier="2060524" tier="2" xsd_ver="1.9">NOT HISPANIC OR LATINO</shared:ethnicity>
        <shared:prior_dx cde="3382736" display_order="13" owner="TSS" preferred_name="history_other_malignancy" procurement_status="Completed" restricted="false" source_system_identifier="2060525" tier="1" xsd_ver="2.5">No</shared:prior_dx>
        <shared:history_of_neoadjuvant_treatment cde="3382737" display_order="14" owner="TSS" preferred_name="history_neoadjuvant_treatment" procurement_status="Completed" restricted="false" source_system_identifier="2060526" tier="1" xsd_ver="2.4">No</shared:history_of_neoadjuvant_treatment>
        <shared:vital_status cde="5" display_order="16" owner="TSS" preferred_name="vital_status" procurement_status="Completed" restricted="false" source_system_identifier="2060528" tier="2" xsd_ver="2.6">Alive</shared:vital_status>
        <shared:days_to_last_followup cde="" owner="TSS" precision="day" procurement_status="Completed" tier="1" xsd_ver="1.16">481</shared:days_to_last_followup>
        <shared:days_to_death cde="" owner="TSS" procurement_status="Not Applicable" tier="1" xsd_ver="1.16"/>
        <shared:person_neoplasm_cancer_status cde="2759550" display_order="15" owner="TSS" preferred_name="tumor_status" procurement_status="Completed" restricted="false" source_system_identifier="2060527" tier="2" xsd_ver="1.9">TUMOR FREE</shared:person_neoplasm_cancer_status>
        <thca:patient_personal_medical_history_thyroid_gland_disorder_names>
            <thca:patient_personal_medical_history_thyroid_gland_disorder_name cde="3176743" display_order="25" owner="TSS" preferred_name="history_thyroid_disease" procurement_status="Completed" restricted="false" source_system_identifier="2060537" tier="2" xsd_ver="2.4">Normal</thca:patient_personal_medical_history_thyroid_gland_disorder_name>
        </thca:patient_personal_medical_history_thyroid_gland_disorder_names>
        <thca:patient_personal_medical_history_thyroid_other_specify_text cde="3179397" display_order="26" owner="TSS" preferred_name="history_thyroid_disease_other" procurement_status="Not Available" restricted="false" source_system_identifier="2060538" tier="2" xsd_ver="2.4"/>
        <thca:first_degree_relative_history_thyroid_gland_carcinoma_diagnosis_relationship_types>
            <thca:first_degree_relative_history_thyroid_gland_carcinoma_diagnosis_relationship_type cde="3179002" display_order="27" owner="TSS" preferred_name="family_history_thyroid_cancer" procurement_status="Completed" restricted="false" source_system_identifier="2060539" tier="2" xsd_ver="2.4">Sibling</thca:first_degree_relative_history_thyroid_gland_carcinoma_diagnosis_relationship_type>
        </thca:first_degree_relative_history_thyroid_gland_carcinoma_diagnosis_relationship_types>
        <thca:person_lifetime_risk_radiation_exposure_indicator cde="2816350" display_order="28" owner="TSS" preferred_name="history_radiation_exposure" procurement_status="Completed" restricted="false" source_system_identifier="2060540" tier="2" xsd_ver="2.4">NO</thca:person_lifetime_risk_radiation_exposure_indicator>
        <shared:tumor_tissue_site cde="3427536" display_order="9999" owner="TSS" preferred_name="" procurement_status="Completed" restricted="false" source_system_identifier="2060582" tier="2" xsd_ver="2.6">Thyroid</shared:tumor_tissue_site>
        <shared:histological_type cde="3081934" display_order="30" owner="TSS" preferred_name="histologic_diagnosis" procurement_status="Completed" restricted="false" source_system_identifier="2060583" tier="1" xsd_ver="2.5">Thyroid Papillary Carcinoma - Follicular (&gt;= 99% follicular patterned)</shared:histological_type>
        <shared:histological_type_other cde="3124492" display_order="31" owner="TSS" preferred_name="histologic_diagnosis_other" procurement_status="Not Applicable" restricted="false" source_system_identifier="2060584" tier="1" xsd_ver="2.5" xsi:nil="true"/>
        <thca:primary_thyroid_gland_neoplasm_location_anatomic_site cde="3186750" display_order="32" owner="TSS" preferred_name="laterality" procurement_status="Completed" restricted="false" source_system_identifier="2060585" tier="2" xsd_ver="2.4">Right lobe</thca:primary_thyroid_gland_neoplasm_location_anatomic_site>
        <thca:primary_neoplasm_focus_type cde="3174022" display_order="33" owner="TSS" preferred_name="tumor_focality" procurement_status="Completed" restricted="false" source_system_identifier="2060586" tier="2" xsd_ver="2.4">Unifocal</thca:primary_neoplasm_focus_type>
        <thca:neoplasm_dimension>
            <thca:neoplasm_length cde="2764966" display_order="36" owner="TSS" preferred_name="tumor_size_width" procurement_status="Completed" restricted="false" source_system_identifier="2060587" tier="2" xsd_ver="2.5">3.0</thca:neoplasm_length>
            <thca:neoplasm_width cde="2764966" display_order="36" owner="TSS" preferred_name="tumor_size_width" procurement_status="Completed" restricted="false" source_system_identifier="2060588" tier="2" xsd_ver="2.5">2.7</thca:neoplasm_width>
            <thca:neoplasm_depth cde="2764966" display_order="36" owner="TSS" preferred_name="tumor_size_width" procurement_status="Completed" restricted="false" source_system_identifier="2060589" tier="2" xsd_ver="2.5">2.0</thca:neoplasm_depth>
        </thca:neoplasm_dimension>
        <shared:days_to_initial_pathologic_diagnosis cde="" owner="TSS" precision="day" procurement_status="Completed" tier="1" xsd_ver="1.16">0</shared:days_to_initial_pathologic_diagnosis>
        <shared:age_at_initial_pathologic_diagnosis cde="" owner="TSS" procurement_status="Completed" tier="1" xsd_ver="1.16">68</shared:age_at_initial_pathologic_diagnosis>
        <shared:year_of_initial_pathologic_diagnosis cde="2896960" display_order="39" owner="TSS" preferred_name="initial_pathologic_dx_year" procurement_status="Completed" restricted="true" source_system_identifier="2060592" tier="1" xsd_ver="1.12">2011</shared:year_of_initial_pathologic_diagnosis>
        <thca:lymph_node_preoperative_scan_indicator cde="3178301" display_order="41" owner="TSS" preferred_name="lymph_nodes_preop_imaging" procurement_status="Completed" restricted="false" source_system_identifier="2060594" tier="2" xsd_ver="2.4">YES</thca:lymph_node_preoperative_scan_indicator>
        <thca:lymph_node_preoperative_assessment_diagnostic_imaging_types>
            <thca:lymph_node_preoperative_assessment_diagnostic_imaging_type cde="3178310" display_order="42" owner="TSS" preferred_name="lymph_nodes_preop_imaging_type" procurement_status="Completed" restricted="false" source_system_identifier="2060595" tier="2" xsd_ver="2.4">Ultrasound</thca:lymph_node_preoperative_assessment_diagnostic_imaging_type>
        </thca:lymph_node_preoperative_assessment_diagnostic_imaging_types>
        <shared:primary_lymph_node_presentation_assessment cde="2200396" display_order="43" owner="TSS" preferred_name="lymph_nodes_examined_count" procurement_status="Completed" restricted="false" source_system_identifier="2060596" tier="2" xsd_ver="2.5">NO</shared:primary_lymph_node_presentation_assessment>
        <shared:lymph_node_examined_count cde="3" display_order="44" owner="TSS" preferred_name="lymph_nodes_examined" procurement_status="Not Available" restricted="false" source_system_identifier="2060597" tier="2" xsd_ver="2.5"/>
        <shared:number_of_lymphnodes_positive_by_he cde="3086388" display_order="45" owner="TSS" preferred_name="lymph_nodes_examined_he_count" procurement_status="Not Available" restricted="false" source_system_identifier="2060598" tier="2" xsd_ver="2.5"/>
        <thca:extrathyroid_carcinoma_present_extension_status cde="3179452" display_order="46" owner="TSS" preferred_name="extrathyroidal_extension" procurement_status="Completed" restricted="false" source_system_identifier="2060599" tier="2" xsd_ver="2.4">None</thca:extrathyroid_carcinoma_present_extension_status>
        <shared:residual_tumor cde="2608702" display_order="47" owner="TSS" preferred_name="residual_tumor" procurement_status="Completed" restricted="false" source_system_identifier="2060600" tier="2" xsd_ver="2.5">R0</shared:residual_tumor>
        <shared_stage:stage_event system="AJCC">
            <shared_stage:system_version cde="2722309" display_order="48" owner="TSS" preferred_name="ajcc_staging_edition" procurement_status="Completed" restricted="false" source_system_identifier="2060601" tier="1" xsd_ver="2.6">7th</shared_stage:system_version>
            <shared_stage:clinical_stage cde="3440332" display_order="9999" owner="TSS" preferred_name="" procurement_status="Not Applicable" restricted="false" tier="2" xsd_ver="2.6"/>
            <shared_stage:pathologic_stage cde="3203222" display_order="52" owner="TSS" preferred_name="ajcc_pathologic_tumor_stage" procurement_status="Completed" restricted="false" source_system_identifier="2060605" tier="1" xsd_ver="2.6">Stage II</shared_stage:pathologic_stage>
            <shared_stage:tnm_categories>
                <shared_stage:clinical_categories>
                    <shared_stage:clinical_T cde="3440328" display_order="9999" owner="TSS" preferred_name="" procurement_status="Not Applicable" restricted="false" tier="2" xsd_ver="2.6"/>
                    <shared_stage:clinical_N cde="3440330" display_order="9999" owner="TSS" preferred_name="" procurement_status="Not Applicable" restricted="false" tier="2" xsd_ver="2.6"/>
                    <shared_stage:clinical_M cde="3440331" display_order="9999" owner="TSS" preferred_name="" procurement_status="Not Applicable" restricted="false" tier="2" xsd_ver="2.6"/>
                </shared_stage:clinical_categories>
                <shared_stage:pathologic_categories>
                    <shared_stage:pathologic_T cde="3045435" display_order="49" owner="TSS" preferred_name="ajcc_tumor_pathologic_pT" procurement_status="Completed" restricted="false" source_system_identifier="2060602" tier="1" xsd_ver="2.6">T2</shared_stage:pathologic_T>
                    <shared_stage:pathologic_N cde="3203106" display_order="50" owner="TSS" preferred_name="ajcc_nodes_pathologic_pN" procurement_status="Completed" restricted="false" source_system_identifier="2060603" tier="1" xsd_ver="2.6">N0</shared_stage:pathologic_N>
                    <shared_stage:pathologic_M cde="3045439" display_order="51" owner="TSS" preferred_name="ajcc_metastasis_pathologic_pM" procurement_status="Completed" restricted="false" source_system_identifier="2060604" tier="1" xsd_ver="2.6">M0</shared_stage:pathologic_M>
                </shared_stage:pathologic_categories>
            </shared_stage:tnm_categories>
            <shared_stage:psa>
                <shared_stage:psa_value cde="3351903" display_order="9999" owner="TSS" preferred_name="" procurement_status="Not Applicable" restricted="false" tier="2" xsd_ver="2.6"/>
                <shared_stage:days_to_psa cde="" owner="TSS" procurement_status="Not Applicable" tier="2" xsd_ver="2.6"/>
            </shared_stage:psa>
            <shared_stage:gleason_grading>
                <shared_stage:gleason_score cde="2534619" display_order="9999" owner="TSS" preferred_name="" procurement_status="Not Applicable" restricted="false" tier="2" xsd_ver="2.6"/>
                <shared_stage:primary_pattern cde="2534617" display_order="9999" owner="TSS" preferred_name="" procurement_status="Not Applicable" restricted="false" tier="2" xsd_ver="2.6"/>
                <shared_stage:secondary_pattern cde="2534618" display_order="9999" owner="TSS" preferred_name="" procurement_status="Not Applicable" restricted="false" tier="2" xsd_ver="2.6"/>
                <shared_stage:tertiary_pattern cde="2783875" display_order="9999" owner="TSS" preferred_name="" procurement_status="Not Applicable" restricted="false" tier="2" xsd_ver="2.6"/>
            </shared_stage:gleason_grading>
            <shared_stage:ann_arbor>
                <shared_stage:b_symptoms cde="2902402" display_order="9999" owner="TSS" preferred_name="" procurement_status="Not Applicable" restricted="false" tier="2" xsd_ver="2.6"/>
                <shared_stage:extranodal_involvement cde="3364582" display_order="9999" owner="TSS" preferred_name="" procurement_status="Not Applicable" restricted="false" tier="2" xsd_ver="2.6"/>
            </shared_stage:ann_arbor>
        </shared_stage:stage_event>
        <thca:metastatic_neoplasm_confirmed_diagnosis_method_names>
            <thca:metastatic_neoplasm_confirmed_diagnosis_method_name cde="3178364" display_order="53" owner="TSS" preferred_name="metastatic_dx_confirmed_by" procurement_status="Not Available" restricted="false" source_system_identifier="2060606" tier="2" xsd_ver="2.4"/>
        </thca:metastatic_neoplasm_confirmed_diagnosis_method_names>
        <thca:metastatic_neoplasm_confirmed_diagnosis_method_text cde="3178376" display_order="54" owner="TSS" preferred_name="metastatic_dx_confirmed_by_other" procurement_status="Not Available" restricted="false" source_system_identifier="2060607" tier="2" xsd_ver="2.4"/>
        <thca:malignant_neoplasm_metastatic_involvement_site cde="62835" display_order="55" owner="TSS" preferred_name="metastasis_site" procurement_status="Not Available" restricted="false" source_system_identifier="2060608" tier="2" xsd_ver="2.5"/>
        <thca:other_metastatic_involvement_anatomic_site cde="3135371" display_order="56" owner="TSS" preferred_name="metastatic_site_other" procurement_status="Not Applicable" restricted="false" source_system_identifier="2060609" tier="2" xsd_ver="2.5" xsi:nil="true"/>
        <thca:genotype_analysis_performed_indicator cde="3179001" display_order="57" owner="TSS" preferred_name="genotypic_analysis_detected" procurement_status="Completed" restricted="false" source_system_identifier="2060610" tier="2" xsd_ver="2.4">NO</thca:genotype_analysis_performed_indicator>
        <thca:genotyping_results_gene_mutation_not_reported_reasons>
            <thca:genotyping_results_gene_mutation_not_reported_reason cde="3179383" display_order="9999" owner="TSS" preferred_name="" procurement_status="Not Evaluated" restricted="false" source_system_identifier="2060611" tier="2" xsd_ver="2.4"/>
            <thca:genotyping_results_gene_mutation_not_reported_reason cde="3179383" display_order="9999" owner="TSS" preferred_name="" procurement_status="Not Evaluated" restricted="false" source_system_identifier="2060612" tier="2" xsd_ver="2.4"/>
            <thca:genotyping_results_gene_mutation_not_reported_reason cde="3179383" display_order="9999" owner="TSS" preferred_name="" procurement_status="Not Evaluated" restricted="false" source_system_identifier="2060613" tier="2" xsd_ver="2.4"/>
        </thca:genotyping_results_gene_mutation_not_reported_reasons>
        <thca:braf_gene_genotyping_outcome_lab_results_text cde="3179257" display_order="61" owner="TSS" preferred_name="braf_mutation_result" procurement_status="Not Available" restricted="false" source_system_identifier="2060614" tier="2" xsd_ver="2.4"/>
        <thca:ras_family_gene_genotyping_outcome_lab_results_text cde="3179266" display_order="62" owner="TSS" preferred_name="ras_mutation_result" procurement_status="Not Available" restricted="false" source_system_identifier="2060615" tier="2" xsd_ver="2.4"/>
        <thca:ret_ptc_rearrangement_genotyping_outcome_lab_results_text cde="3179271" display_order="63" owner="TSS" preferred_name="ret_ptc_rearrangement_result" procurement_status="Not Available" restricted="false" source_system_identifier="2060616" tier="2" xsd_ver="2.4"/>
        <thca:other_genotyping_outcome_lab_results_text cde="3179278" display_order="64" owner="TSS" preferred_name="genotypic_analysis_results_other" procurement_status="Not Available" restricted="false" source_system_identifier="2060617" tier="2" xsd_ver="2.4"/>
        <shared:postoperative_rx_tx cde="3397567" display_order="66" owner="TSS" preferred_name="pharmaceutical_tx_adjuvant" procurement_status="Completed" restricted="false" source_system_identifier="2060619" tier="1" xsd_ver="2.5">NO</shared:postoperative_rx_tx>
        <shared:radiation_therapy cde="2005312" display_order="65" owner="TSS" preferred_name="radiation_treatment_adjuvant" procurement_status="Completed" restricted="false" source_system_identifier="2060618" tier="1" xsd_ver="1.9">YES</shared:radiation_therapy>
        <thca_shared:i_131_total_administered_preparation_technique cde="3232952" display_order="97" owner="TSS" preferred_name="i_131_radiation_first_tx_method" procurement_status="Completed" restricted="false" source_system_identifier="2060620" tier="2" xsd_ver="2.5">rhTSH</thca_shared:i_131_total_administered_preparation_technique>
        <thca_shared:i_131_first_administered_dose cde="3232898" display_order="98" owner="TSS" preferred_name="i_131_radiation_first_tx_dose" procurement_status="Completed" restricted="false" source_system_identifier="2060621" tier="2" xsd_ver="2.4">104.8 mCi</thca_shared:i_131_first_administered_dose>
        <thca_shared:i_131_subsequent_administered_dose cde="3232904" display_order="99" owner="TSS" preferred_name="i_131_radiation_subsequent_tx" procurement_status="Not Available" restricted="false" source_system_identifier="2060622" tier="2" xsd_ver="2.4"/>
        <thca_shared:i_131_total_administered_dose cde="3232906" display_order="100" owner="TSS" preferred_name="i_131_radiation_tx_cumulative_dose" procurement_status="Completed" restricted="false" source_system_identifier="2060623" tier="2" xsd_ver="2.4">104.8 mCi</thca_shared:i_131_total_administered_dose>
        <thca_shared:radiation_therapy_administered_preparation_technique_text cde="3232960" display_order="101" owner="TSS" preferred_name="radiation_therapy_xrt_method_prep" procurement_status="Completed" restricted="false" source_system_identifier="2060624" tier="2" xsd_ver="2.4">Patient Did Not Receive External Radiation Therapy</thca_shared:radiation_therapy_administered_preparation_technique_text>
        <thca_shared:radiation_therapy_administered_dose_text cde="3232933" display_order="102" owner="TSS" preferred_name="radiation_therapy_xrt_dose" procurement_status="Not Available" restricted="false" source_system_identifier="2060625" tier="2" xsd_ver="2.4"/>
        <thca_shared:radiosensitizing_agent_administered_indicator cde="3232932" display_order="103" owner="TSS" preferred_name="radiation_therapy_xrt_sensitizers" procurement_status="Not Available" restricted="false" source_system_identifier="2060626" tier="2" xsd_ver="2.4"/>
        <thca_shared:post_surgical_procedure_assessment_thyroid_gland_carcinoma_status cde="3186684" display_order="74" owner="TSS" preferred_name="clinical_status_within_3_mths_surgery" procurement_status="Completed" restricted="false" source_system_identifier="2060627" tier="2" xsd_ver="2.4">No imaging evidence of disease</thca_shared:post_surgical_procedure_assessment_thyroid_gland_carcinoma_status>
        <thca_nte:new_tumor_events>
            <nte:new_tumor_event_after_initial_treatment cde="3121376" display_order="75" owner="TSS" preferred_name="new_tumor_event_dx_indicator" procurement_status="Completed" restricted="false" source_system_identifier="2060628" tier="1" xsd_ver="2.5">NO</nte:new_tumor_event_after_initial_treatment>
            <thca_nte:new_tumor_event>
                <nte:days_to_new_tumor_event_after_initial_treatment cde="" owner="TSS" procurement_status="Not Available" tier="1" xsd_ver="2.2"/>
                <nte:new_neoplasm_event_type cde="3119721" display_order="76" owner="TSS" preferred_name="new_tumor_event_type" procurement_status="Not Available" restricted="false" source_system_identifier="2060629" tier="2" xsd_ver="2.5"/>
                <nte:new_neoplasm_event_occurrence_anatomic_site cde="3108271" display_order="77" owner="TSS" preferred_name="new_tumor_event_site" procurement_status="Not Available" restricted="false" source_system_identifier="2060630" tier="2" xsd_ver="2.5"/>
                <nte:new_neoplasm_occurrence_anatomic_site_text cde="3128033" display_order="78" owner="TSS" preferred_name="new_tumor_event_site_other" procurement_status="Not Available" restricted="false" source_system_identifier="2060631" tier="2" xsd_ver="2.5"/>
                <nte:new_tumor_event_additional_surgery_procedure cde="3427611" display_order="90" owner="TSS" preferred_name="new_tumor_event_surgery" procurement_status="Not Available" restricted="false" source_system_identifier="2060643" tier="2" xsd_ver="2.5"/>
                <nte:days_to_new_tumor_event_additional_surgery_procedure cde="" owner="TSS" procurement_status="Not Available" tier="2" xsd_ver="2.5"/>
                <nte:additional_radiation_therapy cde="3427615" display_order="95" owner="TSS" preferred_name="new_tumor_event_radiation_tx" procurement_status="Not Available" restricted="false" source_system_identifier="2060648" tier="2" xsd_ver="2.5"/>
                <nte:additional_pharmaceutical_therapy cde="3427616" display_order="96" owner="TSS" preferred_name="new_tumor_event_pharmaceutical_tx" procurement_status="Not Available" restricted="false" source_system_identifier="2060649" tier="2" xsd_ver="2.5"/>
                <thca_shared:new_neoplasm_confirmed_diagnosis_method_name cde="3186701" display_order="83" owner="TSS" preferred_name="new_tumor_event_dx_confirmed_by" procurement_status="Not Available" restricted="false" source_system_identifier="2060636" tier="2" xsd_ver="2.4"/>
                <thca_shared:histologic_disease_progression_present_indicator cde="3181376" display_order="84" owner="TSS" preferred_name="new_tumor_event_histo_progression" procurement_status="Not Available" restricted="false" source_system_identifier="2060637" tier="2" xsd_ver="2.4"/>
                <thca_shared:histologic_disease_progression_present_type cde="3181384" display_order="85" owner="TSS" preferred_name="new_tumor_event_histo_progress_type" procurement_status="Not Available" restricted="false" source_system_identifier="2060638" tier="2" xsd_ver="2.4"/>
                <thca_shared:histologic_disease_progression_present_text cde="3181387" display_order="86" owner="TSS" preferred_name="new_tumor_event_histo_progress_other" procurement_status="Not Available" restricted="false" source_system_identifier="2060639" tier="2" xsd_ver="2.4"/>
                <thca_shared:thyroid_gland_carcinoma_involvement_regional_lymph_node_type cde="3186207" display_order="87" owner="TSS" preferred_name="new_tumor_event_node_site" procurement_status="Not Available" restricted="false" source_system_identifier="2060640" tier="2" xsd_ver="2.4"/>
                <thca_shared:thyroid_gland_carcinoma_regional_lymph_node_involvement_anatomic_sites_text cde="3185693" display_order="88" owner="TSS" preferred_name="new_tumor_event_node_site_other" procurement_status="Not Available" restricted="false" source_system_identifier="2060641" tier="2" xsd_ver="2.4"/>
                <thca_shared:therapeutic_procedure_new_neoplasm_required_additional_therapy_type cde="3185186" display_order="89" owner="TSS" preferred_name="new_tumor_event_tx" procurement_status="Not Available" restricted="false" source_system_identifier="2060642" tier="2" xsd_ver="2.4"/>
                <thca_shared:i_131_total_administered_preparation_technique cde="3232952" display_order="97" owner="TSS" preferred_name="i_131_radiation_first_tx_method" procurement_status="Not Available" restricted="false" source_system_identifier="2060650" tier="2" xsd_ver="2.5"/>
                <thca_shared:i_131_first_administered_dose cde="3232898" display_order="98" owner="TSS" preferred_name="i_131_radiation_first_tx_dose" procurement_status="Not Available" restricted="false" source_system_identifier="2060651" tier="2" xsd_ver="2.4"/>
                <thca_shared:i_131_subsequent_administered_dose cde="3232904" display_order="99" owner="TSS" preferred_name="i_131_radiation_subsequent_tx" procurement_status="Not Available" restricted="false" source_system_identifier="2060652" tier="2" xsd_ver="2.4"/>
                <thca_shared:i_131_total_administered_dose cde="3232906" display_order="100" owner="TSS" preferred_name="i_131_radiation_tx_cumulative_dose" procurement_status="Not Available" restricted="false" source_system_identifier="2060653" tier="2" xsd_ver="2.4"/>
                <thca_shared:radiation_therapy_administered_preparation_technique_text cde="3232960" display_order="101" owner="TSS" preferred_name="radiation_therapy_xrt_method_prep" procurement_status="Not Available" restricted="false" source_system_identifier="2060654" tier="2" xsd_ver="2.4"/>
                <thca_shared:radiation_therapy_administered_dose_text cde="3232933" display_order="102" owner="TSS" preferred_name="radiation_therapy_xrt_dose" procurement_status="Not Available" restricted="false" source_system_identifier="2060655" tier="2" xsd_ver="2.4"/>
                <thca_shared:radiosensitizing_agent_administered_indicator cde="3232932" display_order="103" owner="TSS" preferred_name="radiation_therapy_xrt_sensitizers" procurement_status="Not Available" restricted="false" source_system_identifier="2060656" tier="2" xsd_ver="2.4"/>
            </thca_nte:new_tumor_event>
        </thca_nte:new_tumor_events>
        <shared:day_of_form_completion cde="2975716" display_order="999" owner="TSS" preferred_name="form_completion_day" procurement_status="Completed" restricted="true" tier="2" xsd_ver="2.2">21</shared:day_of_form_completion>
        <shared:month_of_form_completion cde="2975718" display_order="999" owner="TSS" preferred_name="form_completion_month" procurement_status="Completed" restricted="true" tier="2" xsd_ver="2.2">8</shared:month_of_form_completion>
        <shared:year_of_form_completion cde="2975720" display_order="999" owner="TSS" preferred_name="form_completion_year" procurement_status="Completed" restricted="true" tier="2" xsd_ver="2.2">2012</shared:year_of_form_completion>
        <thca:follow_ups>
            <follow_up_v4.0:follow_up sequence="1" version="4.0">
                <shared:bcr_followup_barcode cde="" display_order="9999" owner="TSS" preferred_name="" procurement_status="Completed" restricted="false" xsd_ver="2.5">TCGA-DJ-A3VM-F46960</shared:bcr_followup_barcode>
                <shared:bcr_followup_uuid cde="" display_order="9999" owner="TSS" preferred_name="" procurement_status="Completed" restricted="false" xsd_ver="2.5">0CE97852-D864-4240-A848-842F5E298D7C</shared:bcr_followup_uuid>
                <shared:lost_follow_up cde="61333" display_order="4" owner="TSS" preferred_name="followup_lost_to" procurement_status="Completed" restricted="false" source_system_identifier="2810838" tier="1" xsd_ver="2.5">NO</shared:lost_follow_up>
                <shared:radiation_therapy cde="2005312" display_order="65" owner="TSS" preferred_name="radiation_treatment_adjuvant" procurement_status="Completed" restricted="false" source_system_identifier="2810839" tier="1" xsd_ver="1.9">YES</shared:radiation_therapy>
                <shared:postoperative_rx_tx cde="3397567" display_order="66" owner="TSS" preferred_name="pharmaceutical_tx_adjuvant" procurement_status="Completed" restricted="false" source_system_identifier="2810840" tier="1" xsd_ver="2.5">NO</shared:postoperative_rx_tx>
                <shared:person_neoplasm_cancer_status cde="2759550" display_order="15" owner="TSS" preferred_name="tumor_status" procurement_status="Completed" restricted="false" source_system_identifier="2810841" tier="2" xsd_ver="1.9">TUMOR FREE</shared:person_neoplasm_cancer_status>
                <shared:vital_status cde="5" display_order="16" owner="TSS" preferred_name="vital_status" procurement_status="Completed" restricted="false" source_system_identifier="2810842" tier="2" xsd_ver="2.6">Alive</shared:vital_status>
                <shared:days_to_last_followup cde="" owner="TSS" precision="day" procurement_status="Completed" tier="1" xsd_ver="1.16">840</shared:days_to_last_followup>
                <shared:days_to_death cde="" owner="TSS" procurement_status="Not Applicable" tier="1" xsd_ver="1.16"/>
                <thca_shared:i_131_total_administered_preparation_technique cde="3232952" display_order="97" owner="TSS" preferred_name="i_131_radiation_first_tx_method" procurement_status="Completed" restricted="false" source_system_identifier="2810851" tier="2" xsd_ver="2.5">rhTSH</thca_shared:i_131_total_administered_preparation_technique>
                <thca_shared:i_131_first_administered_dose cde="3232898" display_order="98" owner="TSS" preferred_name="i_131_radiation_first_tx_dose" procurement_status="Completed" restricted="false" source_system_identifier="2810852" tier="2" xsd_ver="2.4">104.8 mCi</thca_shared:i_131_first_administered_dose>
                <thca_shared:i_131_subsequent_administered_dose cde="3232904" display_order="99" owner="TSS" preferred_name="i_131_radiation_subsequent_tx" procurement_status="Completed" restricted="false" source_system_identifier="2810853" tier="2" xsd_ver="2.4">0</thca_shared:i_131_subsequent_administered_dose>
                <thca_shared:i_131_total_administered_dose cde="3232906" display_order="100" owner="TSS" preferred_name="i_131_radiation_tx_cumulative_dose" procurement_status="Completed" restricted="false" source_system_identifier="2810854" tier="2" xsd_ver="2.4">104.8 mCi</thca_shared:i_131_total_administered_dose>
                <thca_shared:radiation_therapy_administered_preparation_technique_text cde="3232960" display_order="101" owner="TSS" preferred_name="radiation_therapy_xrt_method_prep" procurement_status="Completed" restricted="false" source_system_identifier="2810855" tier="2" xsd_ver="2.4">Patient Did Not Receive External Radiation Therapy</thca_shared:radiation_therapy_administered_preparation_technique_text>
                <thca_shared:radiation_therapy_administered_dose_text cde="3232933" display_order="102" owner="TSS" preferred_name="radiation_therapy_xrt_dose" procurement_status="Not Available" restricted="false" source_system_identifier="2810856" tier="2" xsd_ver="2.4"/>
                <thca_shared:radiosensitizing_agent_administered_indicator cde="3232932" display_order="103" owner="TSS" preferred_name="radiation_therapy_xrt_sensitizers" procurement_status="Not Available" restricted="false" source_system_identifier="2810857" tier="2" xsd_ver="2.4"/>
                <thca_shared:post_surgical_procedure_assessment_thyroid_gland_carcinoma_status cde="3186684" display_order="74" owner="TSS" preferred_name="clinical_status_within_3_mths_surgery" procurement_status="Completed" restricted="false" source_system_identifier="2810858" tier="2" xsd_ver="2.4">No imaging evidence of disease</thca_shared:post_surgical_procedure_assessment_thyroid_gland_carcinoma_status>
                <thca_nte:new_tumor_events>
                    <nte:new_tumor_event_after_initial_treatment cde="3121376" display_order="75" owner="TSS" preferred_name="new_tumor_event_dx_indicator" procurement_status="Completed" restricted="false" source_system_identifier="2810859" tier="1" xsd_ver="2.5">NO</nte:new_tumor_event_after_initial_treatment>
                    <thca_nte:new_tumor_event>
                        <nte:days_to_new_tumor_event_after_initial_treatment cde="" owner="TSS" procurement_status="Not Available" tier="1" xsd_ver="2.2"/>
                        <nte:new_neoplasm_event_type cde="3119721" display_order="76" owner="TSS" preferred_name="new_tumor_event_type" procurement_status="Not Available" restricted="false" source_system_identifier="2810860" tier="2" xsd_ver="2.5"/>
                        <nte:new_neoplasm_event_occurrence_anatomic_site cde="3108271" display_order="77" owner="TSS" preferred_name="new_tumor_event_site" procurement_status="Not Available" restricted="false" source_system_identifier="2810861" tier="2" xsd_ver="2.5"/>
                        <nte:new_neoplasm_occurrence_anatomic_site_text cde="3128033" display_order="78" owner="TSS" preferred_name="new_tumor_event_site_other" procurement_status="Not Available" restricted="false" source_system_identifier="2810862" tier="2" xsd_ver="2.5"/>
                        <nte:new_tumor_event_additional_surgery_procedure cde="3427611" display_order="90" owner="TSS" preferred_name="new_tumor_event_surgery" procurement_status="Not Available" restricted="false" source_system_identifier="2810874" tier="2" xsd_ver="2.5"/>
                        <nte:days_to_new_tumor_event_additional_surgery_procedure cde="" owner="TSS" procurement_status="Not Available" tier="2" xsd_ver="2.5"/>
                        <nte:additional_radiation_therapy cde="3427615" display_order="95" owner="TSS" preferred_name="new_tumor_event_radiation_tx" procurement_status="Not Available" restricted="false" source_system_identifier="2810879" tier="2" xsd_ver="2.5"/>
                        <nte:additional_pharmaceutical_therapy cde="3427616" display_order="96" owner="TSS" preferred_name="new_tumor_event_pharmaceutical_tx" procurement_status="Not Available" restricted="false" source_system_identifier="2810880" tier="2" xsd_ver="2.5"/>
                        <thca_shared:new_neoplasm_confirmed_diagnosis_method_name cde="3186701" display_order="83" owner="TSS" preferred_name="new_tumor_event_dx_confirmed_by" procurement_status="Not Available" restricted="false" source_system_identifier="2810867" tier="2" xsd_ver="2.4"/>
                        <thca_shared:histologic_disease_progression_present_indicator cde="3181376" display_order="84" owner="TSS" preferred_name="new_tumor_event_histo_progression" procurement_status="Not Available" restricted="false" source_system_identifier="2810868" tier="2" xsd_ver="2.4"/>
                        <thca_shared:histologic_disease_progression_present_type cde="3181384" display_order="85" owner="TSS" preferred_name="new_tumor_event_histo_progress_type" procurement_status="Not Available" restricted="false" source_system_identifier="2810869" tier="2" xsd_ver="2.4"/>
                        <thca_shared:histologic_disease_progression_present_text cde="3181387" display_order="86" owner="TSS" preferred_name="new_tumor_event_histo_progress_other" procurement_status="Not Available" restricted="false" source_system_identifier="2810870" tier="2" xsd_ver="2.4"/>
                        <thca_shared:thyroid_gland_carcinoma_involvement_regional_lymph_node_type cde="3186207" display_order="87" owner="TSS" preferred_name="new_tumor_event_node_site" procurement_status="Not Available" restricted="false" source_system_identifier="2810871" tier="2" xsd_ver="2.4"/>
                        <thca_shared:thyroid_gland_carcinoma_regional_lymph_node_involvement_anatomic_sites_text cde="3185693" display_order="88" owner="TSS" preferred_name="new_tumor_event_node_site_other" procurement_status="Not Available" restricted="false" source_system_identifier="2810872" tier="2" xsd_ver="2.4"/>
                        <thca_shared:therapeutic_procedure_new_neoplasm_required_additional_therapy_type cde="3185186" display_order="89" owner="TSS" preferred_name="new_tumor_event_tx" procurement_status="Not Available" restricted="false" source_system_identifier="2810873" tier="2" xsd_ver="2.4"/>
                        <thca_shared:i_131_total_administered_preparation_technique cde="3232952" display_order="97" owner="TSS" preferred_name="i_131_radiation_first_tx_method" procurement_status="Not Available" restricted="false" source_system_identifier="2810881" tier="2" xsd_ver="2.5"/>
                        <thca_shared:i_131_first_administered_dose cde="3232898" display_order="98" owner="TSS" preferred_name="i_131_radiation_first_tx_dose" procurement_status="Not Available" restricted="false" source_system_identifier="2810882" tier="2" xsd_ver="2.4"/>
                        <thca_shared:i_131_subsequent_administered_dose cde="3232904" display_order="99" owner="TSS" preferred_name="i_131_radiation_subsequent_tx" procurement_status="Not Available" restricted="false" source_system_identifier="2810883" tier="2" xsd_ver="2.4"/>
                        <thca_shared:i_131_total_administered_dose cde="3232906" display_order="100" owner="TSS" preferred_name="i_131_radiation_tx_cumulative_dose" procurement_status="Not Available" restricted="false" source_system_identifier="2810884" tier="2" xsd_ver="2.4"/>
                        <thca_shared:radiation_therapy_administered_preparation_technique_text cde="3232960" display_order="101" owner="TSS" preferred_name="radiation_therapy_xrt_method_prep" procurement_status="Not Available" restricted="false" source_system_identifier="2810885" tier="2" xsd_ver="2.4"/>
                        <thca_shared:radiation_therapy_administered_dose_text cde="3232933" display_order="102" owner="TSS" preferred_name="radiation_therapy_xrt_dose" procurement_status="Not Available" restricted="false" source_system_identifier="2810886" tier="2" xsd_ver="2.4"/>
                        <thca_shared:radiosensitizing_agent_administered_indicator cde="3232932" display_order="103" owner="TSS" preferred_name="radiation_therapy_xrt_sensitizers" procurement_status="Not Available" restricted="false" source_system_identifier="2810887" tier="2" xsd_ver="2.4"/>
                    </thca_nte:new_tumor_event>
                </thca_nte:new_tumor_events>
                <shared:day_of_form_completion cde="2975716" display_order="999" owner="TSS" preferred_name="form_completion_day" procurement_status="Completed" restricted="true" tier="2" xsd_ver="2.2">27</shared:day_of_form_completion>
                <shared:month_of_form_completion cde="2975718" display_order="999" owner="TSS" preferred_name="form_completion_month" procurement_status="Completed" restricted="true" tier="2" xsd_ver="2.2">8</shared:month_of_form_completion>
                <shared:year_of_form_completion cde="2975720" display_order="999" owner="TSS" preferred_name="form_completion_year" procurement_status="Completed" restricted="true" tier="2" xsd_ver="2.2">2013</shared:year_of_form_completion>
            </follow_up_v4.0:follow_up>
        </thca:follow_ups>
        <rx:drugs/>
        <rad:radiations>
            <rad:radiation>
                <rad:bcr_radiation_barcode owner="TSS" procurement_status="Completed" restricted="false" xsd_ver="1.15">TCGA-DJ-A3VM-R36817</rad:bcr_radiation_barcode>
                <rad:bcr_radiation_uuid cde="" display_order="9999" owner="TSS" preferred_name="" procurement_status="Completed" restricted="false" xsd_ver="2.3">C4C54421-F0D1-4EA1-BE0C-74AAF79CA46A</rad:bcr_radiation_uuid>
                <rad:days_to_radiation_therapy_start cde="" owner="TSS" precision="day" procurement_status="Completed" tier="2" xsd_ver="1.16">216</rad:days_to_radiation_therapy_start>
                <rad:days_to_radiation_therapy_end cde="" owner="TSS" precision="day" procurement_status="Completed" tier="2" xsd_ver="1.16">216</rad:days_to_radiation_therapy_end>
                <rad:radiation_type cde="2842944" display_order="4" owner="TSS" preferred_name="radiation_therapy_type" procurement_status="Completed" restricted="false" source_system_identifier="2214815" tier="2" xsd_ver="1.8">Systemic</rad:radiation_type>
                <rad:radiation_type_notes cde="2195477" display_order="999" owner="TSS" preferred_name="radiation_type_other" procurement_status="Not Applicable" restricted="false" tier="2" xsd_ver="1.12"/>
                <rad:radiation_dosage cde="2721441" display_order="6" owner="TSS" preferred_name="radiation_total_dose" procurement_status="Completed" restricted="false" source_system_identifier="2214817" tier="2" xsd_ver="1.8">104.8</rad:radiation_dosage>
                <rad:units cde="61446" display_order="7" owner="TSS" preferred_name="radiation_adjuvant_units" procurement_status="Completed" restricted="false" source_system_identifier="2214818" tier="2" xsd_ver="1.12">mCi</rad:units>
                <rad:numfractions cde="61465" display_order="8" owner="TSS" preferred_name="radiation_adjuvant_fractions_total" procurement_status="Completed" restricted="false" source_system_identifier="2214819" tier="2" xsd_ver="1.8">1</rad:numfractions>
                <rad:anatomic_treatment_site cde="2793522" display_order="5" owner="TSS" preferred_name="radiation_therapy_site" procurement_status="Completed" restricted="false" source_system_identifier="2214816" tier="2" xsd_ver="2.3">Primary Tumor Field</rad:anatomic_treatment_site>
                <shared:regimen_indication cde="2793511" display_order="999" owner="TSS" preferred_name="therapy_regimen" procurement_status="Not Available" restricted="false" tier="2" xsd_ver="1.12"/>
                <shared:regimen_indication_notes cde="2793516" display_order="999" owner="TSS" preferred_name="therapy_regimen_other" procurement_status="Not Available" restricted="false" tier="2" xsd_ver="1.12"/>
                <rad:radiation_treatment_ongoing cde="2842745" display_order="13" owner="TSS" preferred_name="radiation_therapy_ongoing_indicator" procurement_status="Completed" restricted="false" source_system_identifier="2214824" tier="2" xsd_ver="1.12">NO</rad:radiation_treatment_ongoing>
                <rad:course_number cde="2732184" display_order="999" owner="TSS" preferred_name="course_number" procurement_status="Not Available" restricted="false" tier="2" xsd_ver="2.2"/>
                <shared:measure_of_response cde="2857291" display_order="17" owner="TSS" preferred_name="treatment_best_response" procurement_status="Completed" restricted="false" source_system_identifier="2214829" tier="2" xsd_ver="2.5">Complete Response</shared:measure_of_response>
                <shared:day_of_form_completion cde="2975716" display_order="999" owner="TSS" preferred_name="form_completion_day" procurement_status="Completed" restricted="true" tier="2" xsd_ver="2.2">26</shared:day_of_form_completion>
                <shared:month_of_form_completion cde="2975718" display_order="999" owner="TSS" preferred_name="form_completion_month" procurement_status="Completed" restricted="true" tier="2" xsd_ver="2.2">11</shared:month_of_form_completion>
                <shared:year_of_form_completion cde="2975720" display_order="999" owner="TSS" preferred_name="form_completion_year" procurement_status="Completed" restricted="true" tier="2" xsd_ver="2.2">2012</shared:year_of_form_completion>
            </rad:radiation>
        </rad:radiations>
        <thca:clinical_cqcf>
            <shared:anatomic_neoplasm_subdivision cde="3108203" display_order="9999" owner="TSS" preferred_name="" procurement_status="Not Available" restricted="false" tier="2" xsd_ver="2.6"/>
            <cqcf:consent_or_death_status cde="3288361" display_order="77" owner="TSS" preferred_name="patient_consent_status" procurement_status="Completed" restricted="false" tier="1" xsd_ver="2.5">Consented</cqcf:consent_or_death_status>
            <cqcf:days_to_consent cde="" owner="TSS" precision="day" procurement_status="Completed" tier="1" xsd_ver="2.5">170</cqcf:days_to_consent>
            <cqcf:diagnosis_subtype cde="2783887" display_order="9999" owner="TSS" preferred_name="" procurement_status="Not Available" restricted="false" tier="2" xsd_ver="2.5"/>
            <shared:prior_dx cde="3382736" display_order="13" owner="TSS" preferred_name="history_other_malignancy" procurement_status="Not Available" restricted="false" tier="1" xsd_ver="2.5"/>
            <shared:history_of_neoadjuvant_treatment cde="3382737" display_order="14" owner="TSS" preferred_name="history_neoadjuvant_treatment" procurement_status="Completed" restricted="false" tier="1" xsd_ver="2.4">No</shared:history_of_neoadjuvant_treatment>
            <cqcf:normal_tissue_anatomic_site cde="3081938" display_order="62" owner="TSS" preferred_name="normal_control_tissue_site" procurement_status="Not Available" restricted="false" tier="1" xsd_ver="2.5"/>
            <cqcf:normal_tissue_proximity cde="3088708" display_order="64" owner="TSS" preferred_name="normal_control_proximity_to_tumor" procurement_status="Not Available" restricted="false" tier="1" xsd_ver="2.5"/>
            <cqcf:tumor_focality cde="3174022" display_order="33" owner="TSS" preferred_name="tumor_focality" procurement_status="Completed" restricted="false" tier="2" xsd_ver="2.5">Unifocal</cqcf:tumor_focality>
            <cqcf:tumor_type cde="3288124" display_order="7" owner="TSS" preferred_name="tumor_sample_type" procurement_status="Completed" restricted="false" tier="1" xsd_ver="2.5">Primary</cqcf:tumor_type>
            <cqcf:other_diagnosis cde="3124492" display_order="31" owner="TSS" preferred_name="histologic_diagnosis_other" procurement_status="Not Available" restricted="false" tier="1" xsd_ver="2.5"/>
            <shared:histological_type cde="3081934" display_order="30" owner="TSS" preferred_name="histologic_diagnosis" procurement_status="Completed" restricted="false" tier="1" xsd_ver="2.5">Thyroid Papillary Carcinoma - Follicular (&gt;= 99% follicular patterned)</shared:histological_type>
            <cqcf:other_anatomic_site cde="3320289" display_order="9999" owner="TSS" preferred_name="" procurement_status="Not Available" restricted="false" tier="2" xsd_ver="2.5"/>
            <cqcf:country cde="3203072" display_order="15" owner="TSS" preferred_name="tumor_sample_procurement_country" procurement_status="Completed" restricted="false" tier="1" xsd_ver="2.5">United States</cqcf:country>
        </thca:clinical_cqcf>
    </thca:patient>
</thca:tcga_bcr>