<?xml version="1.0" encoding="UTF-8"?>
<thca:tcga_bcr xsi:schemaLocation="http://tcga.nci/bcr/xml/clinical/thca/2.6 http://tcga-data.nci.nih.gov/docs/xsd/BCR/tcga.nci/bcr/xml/clinical/thca/2.6/TCGA_BCR.THCA_Clinical.xsd" schemaVersion="2.6" xmlns:thca="http://tcga.nci/bcr/xml/clinical/thca/2.6" xmlns:xsi="http://www.w3.org/2001/XMLSchema-instance" xmlns:admin="http://tcga.nci/bcr/xml/administration/2.6" xmlns:shared="http://tcga.nci/bcr/xml/clinical/shared/2.6" xmlns:shared_stage="http://tcga.nci/bcr/xml/clinical/shared/stage/2.6" xmlns:thca_shared="http://tcga.nci/bcr/xml/clinical/thca/shared/2.6" xmlns:thca_nte="http://tcga.nci/bcr/xml/clinical/thca/shared/new_tumor_event/2.6/1.0" xmlns:nte="http://tcga.nci/bcr/xml/clinical/shared/new_tumor_event/2.6" xmlns:rx="http://tcga.nci/bcr/xml/clinical/pharmaceutical/2.6" xmlns:rad="http://tcga.nci/bcr/xml/clinical/radiation/2.6" xmlns:cqcf="http://tcga.nci/bcr/xml/clinical/cqcf/2.6">
    <admin:admin>
        <admin:bcr xsd_ver="1.17">Nationwide Children's Hospital</admin:bcr>
        <admin:batch_number xsd_ver="1.17">270.26.0</admin:batch_number>
        <admin:disease_code xsd_ver="2.6">THCA</admin:disease_code>
        <admin:day_of_dcc_upload xsd_ver="1.17">16</admin:day_of_dcc_upload>
        <admin:month_of_dcc_upload xsd_ver="1.17">1</admin:month_of_dcc_upload>
        <admin:year_of_dcc_upload xsd_ver="1.17">2014</admin:year_of_dcc_upload>
        <admin:patient_withdrawal>
            <admin:withdrawn>false</admin:withdrawn>
        </admin:patient_withdrawal>
    </admin:admin>
    <thca:patient>
        <shared:tissue_source_site cde="" xsd_ver="2.4" owner="TSS" procurement_status="Completed" restricted="false">KS</shared:tissue_source_site>
        <shared:patient_id cde="" xsd_ver="2.4" owner="TSS" procurement_status="Completed" restricted="false">A4ID</shared:patient_id>
        <shared:bcr_patient_barcode preferred_name="" display_order="9999" cde="2673794" xsd_ver="1.8" owner="TSS" procurement_status="Completed" restricted="false">TCGA-KS-A4ID</shared:bcr_patient_barcode>
        <shared:bcr_patient_uuid preferred_name="" display_order="9999" cde="" xsd_ver="2.3" owner="TSS" procurement_status="Completed" restricted="false">899ED323-4FD1-4D8D-9C2F-C63D9B44E875</shared:bcr_patient_uuid>
        <shared:informed_consent_verified preferred_name="" display_order="9999" cde="2714689" xsd_ver="2.4" tier="2" owner="TSS" procurement_status="Completed" restricted="false">YES</shared:informed_consent_verified>
        <shared:icd_o_3_site preferred_name="" display_order="9999" cde="3226281" xsd_ver="2.4" tier="2" owner="TSS" procurement_status="Completed" restricted="false">C73.9</shared:icd_o_3_site>
        <shared:icd_o_3_histology preferred_name="" display_order="9999" cde="3226275" xsd_ver="2.4" tier="2" owner="TSS" procurement_status="Completed" restricted="false">8340/3</shared:icd_o_3_histology>
        <shared:icd_10 preferred_name="" display_order="9999" cde="3226287" xsd_ver="2.4" tier="2" owner="TSS" procurement_status="Completed" restricted="false">C73</shared:icd_10>
        <shared:tissue_prospective_collection_indicator preferred_name="prospective_collection" display_order="4" cde="3088492" xsd_ver="2.3" tier="2" owner="TSS" procurement_status="Completed" restricted="false" source_system_identifier="2336894">NO</shared:tissue_prospective_collection_indicator>
        <shared:tissue_retrospective_collection_indicator preferred_name="retrospective_collection" display_order="5" cde="3088528" xsd_ver="2.3" tier="2" owner="TSS" procurement_status="Completed" restricted="false" source_system_identifier="2336895">YES</shared:tissue_retrospective_collection_indicator>
        <shared:days_to_birth precision="day" xsd_ver="1.12" tier="1" cde="3008233" owner="TSS" procurement_status="Completed">-20413</shared:days_to_birth>
        <shared:gender preferred_name="gender" display_order="10" cde="2200604" xsd_ver="1.8" tier="1" owner="TSS" procurement_status="Completed" restricted="false" source_system_identifier="2336922">FEMALE</shared:gender>
        <shared:race preferred_name="race" display_order="11" cde="2192199" xsd_ver="1.8" tier="2" owner="TSS" procurement_status="Completed" restricted="false" source_system_identifier="2336923">WHITE</shared:race>
        <shared:ethnicity preferred_name="ethnicity" display_order="12" cde="2192217" xsd_ver="1.9" tier="2" owner="TSS" procurement_status="Not Evaluated" restricted="false" source_system_identifier="2336924"/>
        <shared:prior_dx preferred_name="history_other_malignancy" display_order="13" cde="3382736" xsd_ver="2.5" tier="1" owner="TSS" procurement_status="Completed" restricted="false" source_system_identifier="2336925">No</shared:prior_dx>
        <shared:history_of_neoadjuvant_treatment preferred_name="history_neoadjuvant_treatment" display_order="14" cde="3382737" xsd_ver="2.4" tier="1" owner="TSS" procurement_status="Completed" restricted="false" source_system_identifier="2336926">No</shared:history_of_neoadjuvant_treatment>
        <shared:vital_status preferred_name="vital_status" display_order="16" cde="5" xsd_ver="2.6" tier="2" owner="TSS" procurement_status="Completed" restricted="false" source_system_identifier="2336928">Alive</shared:vital_status>
        <shared:days_to_last_followup precision="day" xsd_ver="1.12" tier="1" cde="3008273" owner="TSS" procurement_status="Completed">623</shared:days_to_last_followup>
        <shared:days_to_death precision="day" xsd_ver="1.12" tier="1" cde="3165475" owner="TSS" procurement_status="Not Applicable"/>
        <shared:person_neoplasm_cancer_status preferred_name="tumor_status" display_order="15" cde="2759550" xsd_ver="1.9" tier="2" owner="TSS" procurement_status="Completed" restricted="false" source_system_identifier="2336927">TUMOR FREE</shared:person_neoplasm_cancer_status>
        <thca:patient_personal_medical_history_thyroid_gland_disorder_names>
            <thca:patient_personal_medical_history_thyroid_gland_disorder_name preferred_name="history_thyroid_disease" display_order="25" cde="3176743" xsd_ver="2.4" tier="2" owner="TSS" procurement_status="Completed" restricted="false" source_system_identifier="2336937">Other, specify</thca:patient_personal_medical_history_thyroid_gland_disorder_name>
        </thca:patient_personal_medical_history_thyroid_gland_disorder_names>
        <thca:patient_personal_medical_history_thyroid_other_specify_text preferred_name="history_thyroid_disease_other" display_order="26" cde="3179397" xsd_ver="2.4" tier="2" owner="TSS" procurement_status="Completed" restricted="false" source_system_identifier="2336938">hypothyroidism with "nodules"</thca:patient_personal_medical_history_thyroid_other_specify_text>
        <thca:first_degree_relative_history_thyroid_gland_carcinoma_diagnosis_relationship_types>
            <thca:first_degree_relative_history_thyroid_gland_carcinoma_diagnosis_relationship_type preferred_name="family_history_thyroid_cancer" display_order="27" cde="3179002" xsd_ver="2.4" tier="2" owner="TSS" procurement_status="Not Available" restricted="false" source_system_identifier="2336939"/>
        </thca:first_degree_relative_history_thyroid_gland_carcinoma_diagnosis_relationship_types>
        <thca:person_lifetime_risk_radiation_exposure_indicator preferred_name="history_radiation_exposure" display_order="28" cde="2816350" xsd_ver="2.4" tier="2" owner="TSS" procurement_status="Completed" restricted="false" source_system_identifier="2336940">NO</thca:person_lifetime_risk_radiation_exposure_indicator>
        <shared:tumor_tissue_site preferred_name="" display_order="9999" cde="3427536" xsd_ver="2.6" tier="2" owner="TSS" procurement_status="Completed" restricted="false" source_system_identifier="2336941">Thyroid</shared:tumor_tissue_site>
        <shared:histological_type preferred_name="histologic_diagnosis" display_order="30" cde="3081934" xsd_ver="2.5" tier="1" owner="TSS" procurement_status="Completed" restricted="false" source_system_identifier="2336942">Thyroid Papillary Carcinoma - Follicular (>= 99% follicular patterned)</shared:histological_type>
        <shared:histological_type_other preferred_name="histologic_diagnosis_other" display_order="31" cde="3124492" xsd_ver="2.5" tier="1" owner="TSS" procurement_status="Not Applicable" restricted="false" source_system_identifier="2336943" xsi:nil="true"/>
        <thca:primary_thyroid_gland_neoplasm_location_anatomic_site preferred_name="laterality" display_order="32" cde="3186750" xsd_ver="2.4" tier="2" owner="TSS" procurement_status="Completed" restricted="false" source_system_identifier="2336944">Right lobe</thca:primary_thyroid_gland_neoplasm_location_anatomic_site>
        <thca:primary_neoplasm_focus_type preferred_name="tumor_focality" display_order="33" cde="3174022" xsd_ver="2.4" tier="2" owner="TSS" procurement_status="Completed" restricted="false" source_system_identifier="2336945">Unifocal</thca:primary_neoplasm_focus_type>
        <thca:neoplasm_dimension>
            <thca:neoplasm_length preferred_name="tumor_size_width" display_order="36" cde="2764966" xsd_ver="2.5" tier="2" owner="TSS" procurement_status="Completed" restricted="false" source_system_identifier="2336946">1.3</thca:neoplasm_length>
            <thca:neoplasm_width preferred_name="tumor_size_width" display_order="36" cde="2764966" xsd_ver="2.5" tier="2" owner="TSS" procurement_status="Completed" restricted="false" source_system_identifier="2336947">1.2</thca:neoplasm_width>
            <thca:neoplasm_depth preferred_name="tumor_size_width" display_order="36" cde="2764966" xsd_ver="2.5" tier="2" owner="TSS" procurement_status="Completed" restricted="false" source_system_identifier="2336948">1.0</thca:neoplasm_depth>
        </thca:neoplasm_dimension>
        <shared:days_to_initial_pathologic_diagnosis precision="day" xsd_ver="1.12" tier="1" cde="" owner="TSS" procurement_status="Completed">0</shared:days_to_initial_pathologic_diagnosis>
        <shared:age_at_initial_pathologic_diagnosis precision="day" xsd_ver="1.12" tier="1" cde="2006657" owner="TSS" procurement_status="Completed">55</shared:age_at_initial_pathologic_diagnosis>
        <shared:year_of_initial_pathologic_diagnosis preferred_name="initial_pathologic_dx_year" display_order="39" cde="2896960" xsd_ver="1.12" tier="1" owner="TSS" procurement_status="Completed" restricted="true" source_system_identifier="2336951">2010</shared:year_of_initial_pathologic_diagnosis>
        <thca:lymph_node_preoperative_scan_indicator preferred_name="lymph_nodes_preop_imaging" display_order="41" cde="3178301" xsd_ver="2.4" tier="2" owner="TSS" procurement_status="Unknown" restricted="false" source_system_identifier="2336953"/>
        <thca:lymph_node_preoperative_assessment_diagnostic_imaging_types>
            <thca:lymph_node_preoperative_assessment_diagnostic_imaging_type preferred_name="lymph_nodes_preop_imaging_type" display_order="42" cde="3178310" xsd_ver="2.4" tier="2" owner="TSS" procurement_status="Not Available" restricted="false" source_system_identifier="2336954"/>
        </thca:lymph_node_preoperative_assessment_diagnostic_imaging_types>
        <shared:primary_lymph_node_presentation_assessment preferred_name="lymph_nodes_examined_count" display_order="43" cde="2200396" xsd_ver="2.5" tier="2" owner="TSS" procurement_status="Completed" restricted="false" source_system_identifier="2336955">YES</shared:primary_lymph_node_presentation_assessment>
        <shared:lymph_node_examined_count preferred_name="lymph_nodes_examined" display_order="44" cde="3" xsd_ver="2.5" tier="2" owner="TSS" procurement_status="Completed" restricted="false" source_system_identifier="2336956">13</shared:lymph_node_examined_count>
        <shared:number_of_lymphnodes_positive_by_he preferred_name="lymph_nodes_examined_he_count" display_order="45" cde="3086388" xsd_ver="2.5" tier="2" owner="TSS" procurement_status="Completed" restricted="false" source_system_identifier="2336957">0</shared:number_of_lymphnodes_positive_by_he>
        <thca:extrathyroid_carcinoma_present_extension_status preferred_name="extrathyroidal_extension" display_order="46" cde="3179452" xsd_ver="2.4" tier="2" owner="TSS" procurement_status="Completed" restricted="false" source_system_identifier="2336958">None</thca:extrathyroid_carcinoma_present_extension_status>
        <shared:residual_tumor preferred_name="residual_tumor" display_order="47" cde="2608702" xsd_ver="2.5" tier="2" owner="TSS" procurement_status="Completed" restricted="false" source_system_identifier="2336959">R0</shared:residual_tumor>
        <shared_stage:stage_event system="AJCC">
            <shared_stage:system_version preferred_name="ajcc_staging_edition" display_order="48" cde="2722309" xsd_ver="2.6" tier="1" owner="TSS" procurement_status="Completed" restricted="false" source_system_identifier="2336960">7th</shared_stage:system_version>
            <shared_stage:clinical_stage preferred_name="" display_order="9999" cde="3440332" xsd_ver="2.6" tier="2" owner="TSS" procurement_status="Not Applicable" restricted="false"/>
            <shared_stage:pathologic_stage preferred_name="ajcc_pathologic_tumor_stage" display_order="52" cde="3203222" xsd_ver="2.6" tier="1" owner="TSS" procurement_status="Completed" restricted="false" source_system_identifier="2336964">Stage I</shared_stage:pathologic_stage>
            <shared_stage:tnm_categories>
                <shared_stage:clinical_categories>
                    <shared_stage:clinical_T preferred_name="" display_order="9999" cde="3440328" xsd_ver="2.6" tier="2" owner="TSS" procurement_status="Not Applicable" restricted="false"/>
                    <shared_stage:clinical_N preferred_name="" display_order="9999" cde="3440330" xsd_ver="2.6" tier="2" owner="TSS" procurement_status="Not Applicable" restricted="false"/>
                    <shared_stage:clinical_M preferred_name="" display_order="9999" cde="3440331" xsd_ver="2.6" tier="2" owner="TSS" procurement_status="Not Applicable" restricted="false"/>
                </shared_stage:clinical_categories>
                <shared_stage:pathologic_categories>
                    <shared_stage:pathologic_T preferred_name="ajcc_tumor_pathologic_pt" display_order="49" cde="3045435" xsd_ver="2.6" tier="1" owner="TSS" procurement_status="Completed" restricted="false" source_system_identifier="2336961">T1</shared_stage:pathologic_T>
                    <shared_stage:pathologic_N preferred_name="ajcc_nodes_pathologic_pn" display_order="50" cde="3203106" xsd_ver="2.6" tier="1" owner="TSS" procurement_status="Completed" restricted="false" source_system_identifier="2336962">N0</shared_stage:pathologic_N>
                    <shared_stage:pathologic_M preferred_name="ajcc_metastasis_pathologic_pm" display_order="51" cde="3045439" xsd_ver="2.6" tier="1" owner="TSS" procurement_status="Completed" restricted="false" source_system_identifier="2336963">M0</shared_stage:pathologic_M>
                </shared_stage:pathologic_categories>
            </shared_stage:tnm_categories>
            <shared_stage:psa>
                <shared_stage:psa_value preferred_name="" display_order="9999" cde="3351903" xsd_ver="2.6" tier="2" owner="TSS" procurement_status="Not Applicable" restricted="false"/>
                <shared_stage:days_to_psa precision="day" xsd_ver="2.6" tier="2" cde="3414608" owner="TSS" procurement_status="Not Applicable"/>
            </shared_stage:psa>
            <shared_stage:gleason_grading>
                <shared_stage:gleason_score preferred_name="" display_order="9999" cde="2534619" xsd_ver="2.6" tier="2" owner="TSS" procurement_status="Not Applicable" restricted="false"/>
                <shared_stage:primary_pattern preferred_name="" display_order="9999" cde="2534617" xsd_ver="2.6" tier="2" owner="TSS" procurement_status="Not Applicable" restricted="false"/>
                <shared_stage:secondary_pattern preferred_name="" display_order="9999" cde="2534618" xsd_ver="2.6" tier="2" owner="TSS" procurement_status="Not Applicable" restricted="false"/>
                <shared_stage:tertiary_pattern preferred_name="" display_order="9999" cde="2783875" xsd_ver="2.6" tier="2" owner="TSS" procurement_status="Not Applicable" restricted="false"/>
            </shared_stage:gleason_grading>
            <shared_stage:ann_arbor>
                <shared_stage:b_symptoms preferred_name="" display_order="9999" cde="2902402" xsd_ver="2.6" tier="2" owner="TSS" procurement_status="Not Applicable" restricted="false"/>
                <shared_stage:extranodal_involvement preferred_name="" display_order="9999" cde="3364582" xsd_ver="2.6" tier="2" owner="TSS" procurement_status="Not Applicable" restricted="false"/>
            </shared_stage:ann_arbor>
        </shared_stage:stage_event>
        <thca:metastatic_neoplasm_confirmed_diagnosis_method_names>
            <thca:metastatic_neoplasm_confirmed_diagnosis_method_name preferred_name="metastatic_dx_confirmed_by" display_order="53" cde="3178364" xsd_ver="2.4" tier="2" owner="TSS" procurement_status="Not Available" restricted="false" source_system_identifier="2336965"/>
        </thca:metastatic_neoplasm_confirmed_diagnosis_method_names>
        <thca:metastatic_neoplasm_confirmed_diagnosis_method_text preferred_name="metastatic_dx_confirmed_by_other" display_order="54" cde="3178376" xsd_ver="2.4" tier="2" owner="TSS" procurement_status="Not Available" restricted="false" source_system_identifier="2336966"/>
        <thca:malignant_neoplasm_metastatic_involvement_site preferred_name="metastasis_site" display_order="55" cde="62835" xsd_ver="2.5" tier="2" owner="TSS" procurement_status="Not Available" restricted="false" source_system_identifier="2336967"/>
        <thca:other_metastatic_involvement_anatomic_site preferred_name="metastatic_site_other" display_order="56" cde="3135371" xsd_ver="2.5" tier="2" owner="TSS" procurement_status="Not Applicable" restricted="false" source_system_identifier="2336968" xsi:nil="true"/>
        <thca:genotype_analysis_performed_indicator preferred_name="genotypic_analysis_detected" display_order="57" cde="3179001" xsd_ver="2.4" tier="2" owner="TSS" procurement_status="Not Available" restricted="false" source_system_identifier="2336969"/>
        <thca:genotyping_results_gene_mutation_not_reported_reasons>
            <thca:genotyping_results_gene_mutation_not_reported_reason preferred_name="" display_order="9999" cde="3179383" xsd_ver="2.4" tier="2" owner="TSS" procurement_status="Not Available" restricted="false" source_system_identifier="2336970"/>
            <thca:genotyping_results_gene_mutation_not_reported_reason preferred_name="" display_order="9999" cde="3179383" xsd_ver="2.4" tier="2" owner="TSS" procurement_status="Not Available" restricted="false" source_system_identifier="2336971"/>
            <thca:genotyping_results_gene_mutation_not_reported_reason preferred_name="" display_order="9999" cde="3179383" xsd_ver="2.4" tier="2" owner="TSS" procurement_status="Not Available" restricted="false" source_system_identifier="2336972"/>
        </thca:genotyping_results_gene_mutation_not_reported_reasons>
        <thca:braf_gene_genotyping_outcome_lab_results_text preferred_name="braf_mutation_result" display_order="61" cde="3179257" xsd_ver="2.4" tier="2" owner="TSS" procurement_status="Not Available" restricted="false" source_system_identifier="2336973"/>
        <thca:ras_family_gene_genotyping_outcome_lab_results_text preferred_name="ras_mutation_result" display_order="62" cde="3179266" xsd_ver="2.4" tier="2" owner="TSS" procurement_status="Not Available" restricted="false" source_system_identifier="2336974"/>
        <thca:ret_ptc_rearrangement_genotyping_outcome_lab_results_text preferred_name="ret_ptc_rearrangement_result" display_order="63" cde="3179271" xsd_ver="2.4" tier="2" owner="TSS" procurement_status="Not Available" restricted="false" source_system_identifier="2336975"/>
        <thca:other_genotyping_outcome_lab_results_text preferred_name="genotypic_analysis_results_other" display_order="64" cde="3179278" xsd_ver="2.4" tier="2" owner="TSS" procurement_status="Not Available" restricted="false" source_system_identifier="2336976"/>
        <shared:postoperative_rx_tx preferred_name="pharmaceutical_tx_adjuvant" display_order="66" cde="3397567" xsd_ver="2.5" tier="1" owner="TSS" procurement_status="Completed" restricted="false" source_system_identifier="2336978">YES</shared:postoperative_rx_tx>
        <shared:radiation_therapy preferred_name="radiation_treatment_adjuvant" display_order="65" cde="2005312" xsd_ver="1.9" tier="1" owner="TSS" procurement_status="Completed" restricted="false" source_system_identifier="2336977">NO</shared:radiation_therapy>
        <thca_shared:i_131_total_administered_preparation_technique preferred_name="i_131_radiation_first_tx_method" display_order="97" cde="3232952" xsd_ver="2.5" tier="2" owner="TSS" procurement_status="Not Available" restricted="false" source_system_identifier="2336979"/>
        <thca_shared:i_131_first_administered_dose preferred_name="i_131_radiation_first_tx_dose" display_order="98" cde="3232898" xsd_ver="2.4" tier="2" owner="TSS" procurement_status="Not Available" restricted="false" source_system_identifier="2336980"/>
        <thca_shared:i_131_subsequent_administered_dose preferred_name="i_131_radiation_subsequent_tx" display_order="99" cde="3232904" xsd_ver="2.4" tier="2" owner="TSS" procurement_status="Not Available" restricted="false" source_system_identifier="2336981"/>
        <thca_shared:i_131_total_administered_dose preferred_name="i_131_radiation_tx_cumulative_dose" display_order="100" cde="3232906" xsd_ver="2.4" tier="2" owner="TSS" procurement_status="Not Available" restricted="false" source_system_identifier="2336982"/>
        <thca_shared:radiation_therapy_administered_preparation_technique_text preferred_name="radiation_therapy_xrt_method_prep" display_order="101" cde="3232960" xsd_ver="2.4" tier="2" owner="TSS" procurement_status="Not Available" restricted="false" source_system_identifier="2336983"/>
        <thca_shared:radiation_therapy_administered_dose_text preferred_name="radiation_therapy_xrt_dose" display_order="102" cde="3232933" xsd_ver="2.4" tier="2" owner="TSS" procurement_status="Not Available" restricted="false" source_system_identifier="2336984"/>
        <thca_shared:radiosensitizing_agent_administered_indicator preferred_name="radiation_therapy_xrt_sensitizers" display_order="103" cde="3232932" xsd_ver="2.4" tier="2" owner="TSS" procurement_status="Not Available" restricted="false" source_system_identifier="2336985"/>
        <thca_shared:post_surgical_procedure_assessment_thyroid_gland_carcinoma_status preferred_name="clinical_status_within_3_mths_surgery" display_order="74" cde="3186684" xsd_ver="2.4" tier="2" owner="TSS" procurement_status="Not Available" restricted="false" source_system_identifier="2336986"/>
        <thca_nte:new_tumor_events>
            <nte:new_tumor_event_after_initial_treatment preferred_name="new_tumor_event_dx_indicator" display_order="75" cde="3121376" xsd_ver="2.5" tier="1" owner="TSS" procurement_status="Completed" restricted="false" source_system_identifier="2336987">NO</nte:new_tumor_event_after_initial_treatment>
            <thca_nte:new_tumor_event>
                <nte:days_to_new_tumor_event_after_initial_treatment precision="day" xsd_ver="2.2" tier="1" cde="3392464" owner="TSS" procurement_status="Not Available"/>
                <nte:new_neoplasm_event_type preferred_name="new_tumor_event_type" display_order="76" cde="3119721" xsd_ver="2.5" tier="2" owner="TSS" procurement_status="Not Available" restricted="false" source_system_identifier="2336988"/>
                <nte:new_neoplasm_event_occurrence_anatomic_site preferred_name="new_tumor_event_site" display_order="77" cde="3108271" xsd_ver="2.5" tier="2" owner="TSS" procurement_status="Not Available" restricted="false" source_system_identifier="2336989"/>
                <nte:new_neoplasm_occurrence_anatomic_site_text preferred_name="new_tumor_event_site_other" display_order="78" cde="3128033" xsd_ver="2.5" tier="2" owner="TSS" procurement_status="Not Available" restricted="false" source_system_identifier="2336990"/>
                <nte:new_tumor_event_additional_surgery_procedure preferred_name="new_tumor_event_surgery" display_order="90" cde="3427611" xsd_ver="2.5" tier="2" owner="TSS" procurement_status="Not Available" restricted="false" source_system_identifier="2337002"/>
                <nte:days_to_new_tumor_event_additional_surgery_procedure precision="day" xsd_ver="2.5" tier="2" cde="3008335" owner="TSS" procurement_status="Not Available"/>
                <nte:additional_radiation_therapy preferred_name="new_tumor_event_radiation_tx" display_order="95" cde="3427615" xsd_ver="2.5" tier="2" owner="TSS" procurement_status="Not Available" restricted="false" source_system_identifier="2337007"/>
                <nte:additional_pharmaceutical_therapy preferred_name="new_tumor_event_pharmaceutical_tx" display_order="96" cde="3427616" xsd_ver="2.5" tier="2" owner="TSS" procurement_status="Not Available" restricted="false" source_system_identifier="2337008"/>
                <thca_shared:new_neoplasm_confirmed_diagnosis_method_name preferred_name="new_tumor_event_dx_confirmed_by" display_order="83" cde="3186701" xsd_ver="2.4" tier="2" owner="TSS" procurement_status="Not Available" restricted="false" source_system_identifier="2336995"/>
                <thca_shared:histologic_disease_progression_present_indicator preferred_name="new_tumor_event_histo_progression" display_order="84" cde="3181376" xsd_ver="2.4" tier="2" owner="TSS" procurement_status="Not Available" restricted="false" source_system_identifier="2336996"/>
                <thca_shared:histologic_disease_progression_present_type preferred_name="new_tumor_event_histo_progress_type" display_order="85" cde="3181384" xsd_ver="2.4" tier="2" owner="TSS" procurement_status="Not Available" restricted="false" source_system_identifier="2336997"/>
                <thca_shared:histologic_disease_progression_present_text preferred_name="new_tumor_event_histo_progress_other" display_order="86" cde="3181387" xsd_ver="2.4" tier="2" owner="TSS" procurement_status="Not Available" restricted="false" source_system_identifier="2336998"/>
                <thca_shared:thyroid_gland_carcinoma_involvement_regional_lymph_node_type preferred_name="new_tumor_event_node_site" display_order="87" cde="3186207" xsd_ver="2.4" tier="2" owner="TSS" procurement_status="Not Available" restricted="false" source_system_identifier="2336999"/>
                <thca_shared:thyroid_gland_carcinoma_regional_lymph_node_involvement_anatomic_sites_text preferred_name="new_tumor_event_node_site_other" display_order="88" cde="3185693" xsd_ver="2.4" tier="2" owner="TSS" procurement_status="Not Available" restricted="false" source_system_identifier="2337000"/>
                <thca_shared:therapeutic_procedure_new_neoplasm_required_additional_therapy_type preferred_name="new_tumor_event_tx" display_order="89" cde="3185186" xsd_ver="2.4" tier="2" owner="TSS" procurement_status="Not Available" restricted="false" source_system_identifier="2337001"/>
                <thca_shared:i_131_total_administered_preparation_technique preferred_name="i_131_radiation_first_tx_method" display_order="97" cde="3232952" xsd_ver="2.5" tier="2" owner="TSS" procurement_status="Not Available" restricted="false" source_system_identifier="2337009"/>
                <thca_shared:i_131_first_administered_dose preferred_name="i_131_radiation_first_tx_dose" display_order="98" cde="3232898" xsd_ver="2.4" tier="2" owner="TSS" procurement_status="Not Available" restricted="false" source_system_identifier="2337010"/>
                <thca_shared:i_131_subsequent_administered_dose preferred_name="i_131_radiation_subsequent_tx" display_order="99" cde="3232904" xsd_ver="2.4" tier="2" owner="TSS" procurement_status="Not Available" restricted="false" source_system_identifier="2337011"/>
                <thca_shared:i_131_total_administered_dose preferred_name="i_131_radiation_tx_cumulative_dose" display_order="100" cde="3232906" xsd_ver="2.4" tier="2" owner="TSS" procurement_status="Not Available" restricted="false" source_system_identifier="2337012"/>
                <thca_shared:radiation_therapy_administered_preparation_technique_text preferred_name="radiation_therapy_xrt_method_prep" display_order="101" cde="3232960" xsd_ver="2.4" tier="2" owner="TSS" procurement_status="Not Available" restricted="false" source_system_identifier="2337013"/>
                <thca_shared:radiation_therapy_administered_dose_text preferred_name="radiation_therapy_xrt_dose" display_order="102" cde="3232933" xsd_ver="2.4" tier="2" owner="TSS" procurement_status="Not Available" restricted="false" source_system_identifier="2337014"/>
                <thca_shared:radiosensitizing_agent_administered_indicator preferred_name="radiation_therapy_xrt_sensitizers" display_order="103" cde="3232932" xsd_ver="2.4" tier="2" owner="TSS" procurement_status="Not Available" restricted="false" source_system_identifier="2337015"/>
            </thca_nte:new_tumor_event>
        </thca_nte:new_tumor_events>
        <shared:day_of_form_completion preferred_name="form_completion_day" display_order="999" cde="2975716" xsd_ver="2.2" tier="2" owner="TSS" procurement_status="Completed" restricted="true">15</shared:day_of_form_completion>
        <shared:month_of_form_completion preferred_name="form_completion_month" display_order="999" cde="2975718" xsd_ver="2.2" tier="2" owner="TSS" procurement_status="Completed" restricted="true">1</shared:month_of_form_completion>
        <shared:year_of_form_completion preferred_name="form_completion_year" display_order="999" cde="2975720" xsd_ver="2.2" tier="2" owner="TSS" procurement_status="Completed" restricted="true">2013</shared:year_of_form_completion>
        <thca:follow_ups/>
        <rx:drugs>
            <rx:drug>
                <rx:tx_on_clinical_trial preferred_name="clinical_trial_indicator" display_order="4" cde="2503808" xsd_ver="2.5" tier="2" owner="TSS" procurement_status="Completed" restricted="false" source_system_identifier="2408714">NO</rx:tx_on_clinical_trial>
                <rx:regimen_number preferred_name="regimen_number" display_order="999" cde="2673845" xsd_ver="2.1" tier="2" owner="TSS" procurement_status="Not Available" restricted="false"/>
                <rx:bcr_drug_barcode xsd_ver="1.15" owner="TSS" procurement_status="Completed" restricted="false">TCGA-KS-A4ID-D40390</rx:bcr_drug_barcode>
                <rx:bcr_drug_uuid preferred_name="" display_order="9999" cde="" xsd_ver="2.3" owner="TSS" procurement_status="Completed" restricted="false">B2DC7DB7-36ED-4170-95BC-C813DE3D9E0A</rx:bcr_drug_uuid>
                <rx:total_dose preferred_name="total_dose" display_order="999" cde="1515" xsd_ver="2.1" tier="2" owner="TSS" procurement_status="Not Available" restricted="false"/>
                <rx:total_dose_units preferred_name="pharmaceutical_tx_total_dose_units" display_order="999" cde="3088785" xsd_ver="2.1" tier="2" owner="TSS" procurement_status="Not Available" restricted="false"/>
                <rx:prescribed_dose preferred_name="prescribed_dose" display_order="999" cde="2184728" xsd_ver="2.1" tier="2" owner="TSS" procurement_status="Not Available" restricted="false"/>
                <rx:prescribed_dose_units preferred_name="pharmaceutical_tx_dose_units" display_order="999" cde="3065815" xsd_ver="2.1" tier="2" owner="TSS" procurement_status="Not Available" restricted="false"/>
                <rx:number_cycles preferred_name="pharma_adjuvant_cycles_count" display_order="999" cde="62590" xsd_ver="1.8" tier="2" owner="TSS" procurement_status="Not Available" restricted="false"/>
                <rx:days_to_drug_therapy_start precision="day" xsd_ver="1.12" tier="2" cde="3392465" owner="TSS" procurement_status="Completed">1</rx:days_to_drug_therapy_start>
                <rx:days_to_drug_therapy_end precision="day" xsd_ver="1.12" tier="2" cde="3392470" owner="TSS" procurement_status="Completed">75</rx:days_to_drug_therapy_end>
                <rx:therapy_types>
                    <rx:therapy_type preferred_name="pharmaceutical_therapy_type" display_order="7" cde="2793530" xsd_ver="2.1" tier="2" owner="TSS" procurement_status="Completed" restricted="false" source_system_identifier="2408717">Hormone Therapy</rx:therapy_type>
                    <rx:therapy_type_notes preferred_name="pharma_type_other" display_order="999" cde="2001762" xsd_ver="2.1" tier="2" owner="TSS" procurement_status="Not Available" restricted="false"/>
                </rx:therapy_types>
                <rx:drug_name preferred_name="pharmaceutical_therapy_drug_name" display_order="22" cde="2975232" xsd_ver="1.10" tier="1" owner="TSS" procurement_status="Completed" restricted="false" source_system_identifier="2408715">cytomel</rx:drug_name>
                <rx:clinical_trail_drug_classification preferred_name="clinical_trial_drug_classification" display_order="6" cde="3378323" xsd_ver="2.5" tier="2" owner="TSS" procurement_status="Not Available" restricted="false" source_system_identifier="2408716"/>
                <shared:regimen_indication preferred_name="therapy_regimen" display_order="999" cde="2793511" xsd_ver="1.12" tier="2" owner="TSS" procurement_status="Not Available" restricted="false"/>
                <shared:regimen_indication_notes preferred_name="therapy_regimen_other" display_order="999" cde="2793516" xsd_ver="1.12" tier="2" owner="TSS" procurement_status="Not Applicable" restricted="false"/>
                <rx:route_of_administrations>
                    <rx:route_of_administration preferred_name="route_of_administration" display_order="999" cde="2003586" xsd_ver="2.3" tier="2" owner="TSS" procurement_status="Not Available" restricted="false"/>
                </rx:route_of_administrations>
                <rx:therapy_ongoing preferred_name="pharmaceutical_tx_ongoing_indicator" display_order="12" cde="3103479" xsd_ver="2.2" tier="2" owner="TSS" procurement_status="Completed" restricted="false" source_system_identifier="2408722">NO</rx:therapy_ongoing>
                <shared:measure_of_response preferred_name="treatment_best_response" display_order="17" cde="2857291" xsd_ver="2.5" tier="2" owner="TSS" procurement_status="Completed" restricted="false" source_system_identifier="2408727">Complete Response</shared:measure_of_response>
                <shared:day_of_form_completion preferred_name="form_completion_day" display_order="999" cde="2975716" xsd_ver="2.2" tier="2" owner="TSS" procurement_status="Completed" restricted="true">18</shared:day_of_form_completion>
                <shared:month_of_form_completion preferred_name="form_completion_month" display_order="999" cde="2975718" xsd_ver="2.2" tier="2" owner="TSS" procurement_status="Completed" restricted="true">2</shared:month_of_form_completion>
                <shared:year_of_form_completion preferred_name="form_completion_year" display_order="999" cde="2975720" xsd_ver="2.2" tier="2" owner="TSS" procurement_status="Completed" restricted="true">2013</shared:year_of_form_completion>
            </rx:drug>
            <rx:drug>
                <rx:tx_on_clinical_trial preferred_name="clinical_trial_indicator" display_order="4" cde="2503808" xsd_ver="2.5" tier="2" owner="TSS" procurement_status="Completed" restricted="false" source_system_identifier="2408731">NO</rx:tx_on_clinical_trial>
                <rx:regimen_number preferred_name="regimen_number" display_order="999" cde="2673845" xsd_ver="2.1" tier="2" owner="TSS" procurement_status="Not Available" restricted="false"/>
                <rx:bcr_drug_barcode xsd_ver="1.15" owner="TSS" procurement_status="Completed" restricted="false">TCGA-KS-A4ID-D40391</rx:bcr_drug_barcode>
                <rx:bcr_drug_uuid preferred_name="" display_order="9999" cde="" xsd_ver="2.3" owner="TSS" procurement_status="Completed" restricted="false">B299126D-CB75-49D3-A804-B332E19E81CF</rx:bcr_drug_uuid>
                <rx:total_dose preferred_name="total_dose" display_order="999" cde="1515" xsd_ver="2.1" tier="2" owner="TSS" procurement_status="Not Available" restricted="false"/>
                <rx:total_dose_units preferred_name="pharmaceutical_tx_total_dose_units" display_order="999" cde="3088785" xsd_ver="2.1" tier="2" owner="TSS" procurement_status="Not Available" restricted="false"/>
                <rx:prescribed_dose preferred_name="prescribed_dose" display_order="999" cde="2184728" xsd_ver="2.1" tier="2" owner="TSS" procurement_status="Not Available" restricted="false"/>
                <rx:prescribed_dose_units preferred_name="pharmaceutical_tx_dose_units" display_order="999" cde="3065815" xsd_ver="2.1" tier="2" owner="TSS" procurement_status="Not Available" restricted="false"/>
                <rx:number_cycles preferred_name="pharma_adjuvant_cycles_count" display_order="999" cde="62590" xsd_ver="1.8" tier="2" owner="TSS" procurement_status="Not Available" restricted="false"/>
                <rx:days_to_drug_therapy_start precision="day" xsd_ver="1.12" tier="2" cde="3392465" owner="TSS" procurement_status="Completed">78</rx:days_to_drug_therapy_start>
                <rx:days_to_drug_therapy_end precision="day" xsd_ver="1.12" tier="2" cde="3392470" owner="TSS" procurement_status="Not Available"/>
                <rx:therapy_types>
                    <rx:therapy_type preferred_name="pharmaceutical_therapy_type" display_order="7" cde="2793530" xsd_ver="2.1" tier="2" owner="TSS" procurement_status="Completed" restricted="false" source_system_identifier="2408734">Hormone Therapy</rx:therapy_type>
                    <rx:therapy_type_notes preferred_name="pharma_type_other" display_order="999" cde="2001762" xsd_ver="2.1" tier="2" owner="TSS" procurement_status="Not Available" restricted="false"/>
                </rx:therapy_types>
                <rx:drug_name preferred_name="pharmaceutical_therapy_drug_name" display_order="22" cde="2975232" xsd_ver="1.10" tier="1" owner="TSS" procurement_status="Completed" restricted="false" source_system_identifier="2408732">synthroid</rx:drug_name>
                <rx:clinical_trail_drug_classification preferred_name="clinical_trial_drug_classification" display_order="6" cde="3378323" xsd_ver="2.5" tier="2" owner="TSS" procurement_status="Not Available" restricted="false" source_system_identifier="2408733"/>
                <shared:regimen_indication preferred_name="therapy_regimen" display_order="999" cde="2793511" xsd_ver="1.12" tier="2" owner="TSS" procurement_status="Not Available" restricted="false"/>
                <shared:regimen_indication_notes preferred_name="therapy_regimen_other" display_order="999" cde="2793516" xsd_ver="1.12" tier="2" owner="TSS" procurement_status="Not Applicable" restricted="false"/>
                <rx:route_of_administrations>
                    <rx:route_of_administration preferred_name="route_of_administration" display_order="999" cde="2003586" xsd_ver="2.3" tier="2" owner="TSS" procurement_status="Not Available" restricted="false"/>
                </rx:route_of_administrations>
                <rx:therapy_ongoing preferred_name="pharmaceutical_tx_ongoing_indicator" display_order="12" cde="3103479" xsd_ver="2.2" tier="2" owner="TSS" procurement_status="Completed" restricted="false" source_system_identifier="2408739">YES</rx:therapy_ongoing>
                <shared:measure_of_response preferred_name="treatment_best_response" display_order="17" cde="2857291" xsd_ver="2.5" tier="2" owner="TSS" procurement_status="Not Applicable" restricted="false" source_system_identifier="2408744" xsi:nil="true"/>
                <shared:day_of_form_completion preferred_name="form_completion_day" display_order="999" cde="2975716" xsd_ver="2.2" tier="2" owner="TSS" procurement_status="Completed" restricted="true">18</shared:day_of_form_completion>
                <shared:month_of_form_completion preferred_name="form_completion_month" display_order="999" cde="2975718" xsd_ver="2.2" tier="2" owner="TSS" procurement_status="Completed" restricted="true">2</shared:month_of_form_completion>
                <shared:year_of_form_completion preferred_name="form_completion_year" display_order="999" cde="2975720" xsd_ver="2.2" tier="2" owner="TSS" procurement_status="Completed" restricted="true">2013</shared:year_of_form_completion>
            </rx:drug>
        </rx:drugs>
        <rad:radiations/>
        <thca:clinical_cqcf>
            <shared:anatomic_neoplasm_subdivision preferred_name="" display_order="9999" cde="3108203" xsd_ver="2.6" tier="2" owner="TSS" procurement_status="Not Available" restricted="false"/>
            <cqcf:consent_or_death_status preferred_name="patient_consent_status" display_order="9999" cde="3288361" xsd_ver="2.5" tier="2" owner="TSS" procurement_status="Completed" restricted="false">Consented</cqcf:consent_or_death_status>
            <cqcf:days_to_consent precision="day" xsd_ver="2.5" tier="2" cde="3288498" owner="TSS" procurement_status="Completed">0</cqcf:days_to_consent>
            <cqcf:diagnosis_subtype preferred_name="" display_order="9999" cde="2783887" xsd_ver="2.5" tier="2" owner="TSS" procurement_status="Not Available" restricted="false"/>
            <shared:prior_dx preferred_name="history_other_malignancy" display_order="13" cde="3382736" xsd_ver="2.5" tier="1" owner="TSS" procurement_status="Not Available" restricted="false"/>
            <shared:history_of_neoadjuvant_treatment preferred_name="history_neoadjuvant_treatment" display_order="14" cde="3382737" xsd_ver="2.4" tier="1" owner="TSS" procurement_status="Completed" restricted="false">No</shared:history_of_neoadjuvant_treatment>
            <cqcf:normal_tissue_anatomic_site preferred_name="normal_control_tissue_site" display_order="9999" cde="3081938" xsd_ver="2.5" tier="2" owner="TSS" procurement_status="Completed" restricted="false">Thyroid gland</cqcf:normal_tissue_anatomic_site>
            <cqcf:normal_tissue_proximity preferred_name="normal_control_proximity_to_tumor" display_order="9999" cde="3088708" xsd_ver="2.5" tier="2" owner="TSS" procurement_status="Completed" restricted="false">Distal (>2cm)</cqcf:normal_tissue_proximity>
            <cqcf:tumor_focality preferred_name="tumor_focality" display_order="33" cde="3174022" xsd_ver="2.5" tier="2" owner="TSS" procurement_status="Completed" restricted="false">Unifocal</cqcf:tumor_focality>
            <cqcf:tumor_type preferred_name="tumor_sample_type" display_order="9999" cde="3288124" xsd_ver="2.5" tier="2" owner="TSS" procurement_status="Completed" restricted="false">Primary</cqcf:tumor_type>
            <cqcf:other_diagnosis preferred_name="histologic_diagnosis_other" display_order="31" cde="3124492" xsd_ver="2.5" tier="1" owner="TSS" procurement_status="Not Available" restricted="false"/>
            <shared:histological_type preferred_name="histologic_diagnosis" display_order="30" cde="3081934" xsd_ver="2.5" tier="1" owner="TSS" procurement_status="Completed" restricted="false">Thyroid Papillary Carcinoma - Follicular (>= 99% follicular patterned)</shared:histological_type>
            <cqcf:other_anatomic_site preferred_name="" display_order="9999" cde="3320289" xsd_ver="2.5" tier="2" owner="TSS" procurement_status="Not Available" restricted="false"/>
            <cqcf:country preferred_name="tumor_sample_procurement_country" display_order="9999" cde="3203072" xsd_ver="2.5" tier="2" owner="TSS" procurement_status="Completed" restricted="false">United States</cqcf:country>
        </thca:clinical_cqcf>
    </thca:patient>
</thca:tcga_bcr>